"ResponseId","zipcode","ZCTA_str","UHF_id","td_score","td_score_scaled","agency_scores","agency_scores_scaled","loss_aversion_scores","loss_aversion_scores_scaled"
"R_PuMYLLXeeMFnLLb",10001,10001,306,3,18.75,20,76.47,4,66.67
"R_3fpDy2ca6qpvnQ8",10001,10001,306,7,43.75,7,57.35,6,100
"R_xFWcuNgdPAivH3P",10001,10001,306,10,62.5,12,64.71,4,66.67
"R_3P6r5Cz3JZswnGO",10001,10001,306,9,56.25,10,61.76,0,0
"R_26gUD3dG2JQHUOg",10001,10001,306,5,31.25,-1,45.59,2,33.33
"R_1dmdyllWi4xP1h9",10001,10001,306,10,62.5,2,50,3,50
"R_1imtmM8BkwLkBMa",10001,10001,306,10,62.5,8,58.82,1,16.67
"R_3hsHmpxRNrfKW9o",10001,10001,306,6,37.5,9,60.29,3,50
"R_1dN5rFsGgaSYNnd",10001,10001,306,7,43.75,9,60.29,5,83.33
"R_sL5qMCpwPtWOSXL",10001,10001,306,9,56.25,9,60.29,3,50
"R_1gbZTxN55LbKKHv",10001,10001,306,9,56.25,16,70.59,4,66.67
"R_CgllEr2b13ilDxf",10001,10001,306,11,68.75,32,94.12,4,66.67
"R_xDCQzvdB3UcVlgl",10001,10001,306,11,68.75,-2,44.12,3,50
"R_2ANh3ccnUTRzrfE",10001,10001,306,8,50,-6,38.24,6,100
"R_3hooAoOcaF7aR1p",10001,10001,306,7,43.75,-9,33.82,4,66.67
"R_2DU23rin1S1VzIH",10001,10001,306,11,68.75,23,80.88,2,33.33
"R_2QFFNcKXqiH767c",10001,10001,306,11,68.75,31,92.65,3,50
"R_1nNOCTSnJ32h0G7",10001,10001,306,16,100,15,69.12,6,100
"R_1EbzhzZCnRVJsz5",10001,10001,306,7,43.75,-10,32.35,3,50
"R_3gRep2skdbSK6Yy",10001,10001,306,13,81.25,11,63.24,4,66.67
"R_2WZ6kltmj3hNoAe",10001,10001,306,13,81.25,32,94.12,6,100
"R_OduKCCtXY3wsHHH",10001,10001,306,13,81.25,8,58.82,3,50
"R_3Eu9TUEJZ5PiJlN",10002,10002,309,10,62.5,24,82.35,0,0
"R_2YDLIbdeVXsgLx2",10002,10002,309,13,81.25,16,70.59,4,66.67
"R_2QYQAKaxMQW6v9O",10002,10002,309,11,68.75,14,67.65,3,50
"R_8k9EmMegYsu9Rzr",10002,10002,309,5,31.25,30,91.18,2,33.33
"R_1rCEBx1rk0ItD7X",10002,10002,309,11,68.75,18,73.53,3,50
"R_3hGzVfxA3AkocFb",10002,10002,309,11,68.75,14,67.65,3,50
"R_1OkliczbYbSw9DG",10002,10002,309,10,62.5,32,94.12,4,66.67
"R_2eaF15bXrM69J6P",10002,10002,309,11,68.75,24,82.35,3,50
"R_2OJzVC74Wh9V97N",10002,10002,309,11,68.75,24,82.35,3,50
"R_Zqqp7IoztaDdWcF",10002,10002,309,8,50,26,85.29,4,66.67
"R_2RVzIZPjmwuGYYY",10002,10002,309,11,68.75,16,70.59,6,100
"R_3DooCeilTUvpFUM",10002,10002,309,5,31.25,14,67.65,3,50
"R_2tncSn6qSA4p9dL",10002,10002,309,16,100,29,89.71,3,50
"R_W0Zq0aBn83bNA6R",10002,10002,309,13,81.25,-12,29.41,2,33.33
"R_vdFagimk9cjImQ1",10002,10002,309,11,68.75,26,85.29,4,66.67
"R_3kcAimGSWdBZYni",10002,10002,309,8,50,24,82.35,2,33.33
"R_25F0SjKzmPxCsWD",10002,10002,309,13,81.25,14,67.65,3,50
"R_V4GzvZ5ySuNiC2J",10002,10002,309,8,50,22,79.41,3,50
"R_rq060ZX2r36odX3",10002,10002,309,15,93.75,13,66.18,3,50
"R_301Yu6iSwyrtoMY",10002,10002,309,9,56.25,13,66.18,5,83.33
"R_3HUKmDYVP3oB1OW",10002,10002,309,11,68.75,24,82.35,3,50
"R_6nuw3AVEtEUexb3",10002,10002,309,10,62.5,23,80.88,3,50
"R_2fJbvtAFvztWXYO",10002,10002,309,9,56.25,17,72.06,4,66.67
"R_Rh06tI1mGK8ZLih",10002,10002,309,9,56.25,23,80.88,4,66.67
"R_1H5I2J1XfuxxiVt",10002,10002,309,8,50,28,88.24,0,0
"R_2azYymCu5m1Fe8X",10002,10002,309,11,68.75,15,69.12,4,66.67
"R_1NrDSk7z88pd5dQ",10002,10002,309,11,68.75,23,80.88,3,50
"R_1q7C3HrSs07ZLBu",10002,10002,309,5,31.25,24,82.35,3,50
"R_28ZJSTwnShdD9Kk",10002,10002,309,11,68.75,-10,32.35,3,50
"R_1pMVYqWAPSg8bAf",10002,10002,309,11,68.75,10,61.76,2,33.33
"R_yPkSgpYVgZZFunf",10002,10002,309,11,68.75,24,82.35,3,50
"R_3kdmwQFtJIlMyyh",10002,10002,309,11,68.75,17,72.06,3,50
"R_3m2UDjJSpomgIBT",10002,10002,309,11,68.75,27,86.76,3,50
"R_b7ue0n3VttLQZ8J",10002,10002,309,16,100,17,72.06,3,50
"R_1ozQ5DmmaFiT9Fj",10002,10002,309,11,68.75,24,82.35,3,50
"R_6s4z4Bz6GbUhTzj",10002,10002,309,11,68.75,29,89.71,3,50
"R_WCWRD7yfV8CSvDz",10002,10002,309,10,62.5,17,72.06,3,50
"R_1ODzvaDMCcQzLGe",10002,10002,309,6,37.5,15,69.12,5,83.33
"R_xzKOOwIsVQPiFmF",10002,10002,309,9,56.25,33,95.59,4,66.67
"R_12DbkYX6KtQ8HQj",10002,10002,309,11,68.75,22,79.41,3,50
"R_1FRI8CCQYvjW5oS",10002,10002,309,12,75,19,75,4,66.67
"R_1dgVjB6qprc7Sy6",10002,10002,309,12,75,26,85.29,5,83.33
"R_3fZBI8NfNoiBeZa",10002,10002,309,12,75,17,72.06,2,33.33
"R_1Eg0J2rMTfvr1HZ",10002,10002,309,16,100,32,94.12,3,50
"R_2EmgZ3YUeoq7oOl",10002,10002,309,11,68.75,22,79.41,3,50
"R_2zw5rihrVPD8XwJ",10002,10002,309,11,68.75,24,82.35,3,50
"R_2sn0JvGRBEnW8gx",10002,10002,309,11,68.75,32,94.12,3,50
"R_2VfF5QtAt5Px4vE",10002,10002,309,10,62.5,11,63.24,4,66.67
"R_1gpPKHc9Lxuh4WU",10002,10002,309,6,37.5,13,66.18,4,66.67
"R_21dl9pe3yJwOwqA",10002,10002,309,12,75,14,67.65,3,50
"R_1rAmJcr29tT8Kyx",10002,10002,309,15,93.75,10,61.76,3,50
"R_1jJ2HcXF7PYATU1",10002,10002,309,11,68.75,4,52.94,6,100
"R_2TnqDq26V6hQpub",10002,10002,309,11,68.75,19,75,5,83.33
"R_3nctB3JIIZNh5Pz",10002,10002,309,13,81.25,0,47.06,2,33.33
"R_3lrWUgzMLL5frdU",10002,10002,309,15,93.75,14,67.65,3,50
"R_2YgHOr6ab6Gg76b",10002,10002,309,5,31.25,-3,42.65,4,66.67
"R_1pt9ZIZ8wGpCIRC",10002,10002,309,11,68.75,24,82.35,3,50
"R_3JfaCE7Gk0dqWsk",10002,10002,309,11,68.75,19,75,3,50
"R_e3Rsa5AEsMYwBSp",10002,10002,309,8,50,15,69.12,2,33.33
"R_1Cyx0VawqRlyAR4",10002,10002,309,11,68.75,16,70.59,2,33.33
"R_3ewOM3fxJnJlwNs",10002,10002,309,11,68.75,17,72.06,3,50
"R_3qIp3iyFuvShj2R",10002,10002,309,11,68.75,31,92.65,3,50
"R_3q9WmOQyQYLN7op",10002,10002,309,11,68.75,24,82.35,3,50
"R_31AcDfcScq0yfm0",10002,10002,309,12,75,10,61.76,3,50
"R_1hxLOuRkTeyHtFm",10002,10002,309,6,37.5,20,76.47,2,33.33
"R_WqbbOqHSzUTVhEB",10002,10002,309,10,62.5,3,51.47,4,66.67
"R_10YMlQrMEfbpmSC",10002,10002,309,10,62.5,24,82.35,3,50
"R_xsc8lfOSGu0KPyF",10002,10002,309,9,56.25,32,94.12,4,66.67
"R_2zY0IdOYeYfLEUb",10002,10002,309,10,62.5,30,91.18,4,66.67
"R_28ZAxI5XkYBn6YV",10002,10002,309,11,68.75,24,82.35,3,50
"R_ysgNEmdg4iRFTk5",10002,10002,309,6,37.5,18,73.53,2,33.33
"R_3rZkqqPScmzK8Bl",10002,10002,309,11,68.75,24,82.35,3,50
"R_XzTXYsN4uJJhiJH",10002,10002,309,13,81.25,16,70.59,4,66.67
"R_2Ea9xUrmUQtexP6",10002,10002,309,11,68.75,24,82.35,3,50
"R_0GLmoIGHCDqBj2x",10002,10002,309,11,68.75,21,77.94,3,50
"R_3nrBNPcUA9VWLS1",10002,10002,309,13,81.25,13,66.18,4,66.67
"R_pLZYJxLxlO787Id",10002,10002,309,6,37.5,28,88.24,2,33.33
"R_1eVQ9CJGd784GSD",10002,10002,309,11,68.75,26,85.29,3,50
"R_2zdrtwuPWESmpSw",10002,10002,309,11,68.75,14,67.65,3,50
"R_1rwDCNriljtLP8m",10002,10002,309,10,62.5,24,82.35,3,50
"R_31yFoUlvK8Gwx8M",10002,10002,309,10,62.5,12,64.71,3,50
"R_OwLaRZnrmACeU93",10002,10002,309,11,68.75,0,47.06,3,50
"R_3LjTKWtjPBf0E87",10002,10002,309,11,68.75,32,94.12,3,50
"R_1ookOBrSNkB5hRk",10002,10002,309,7,43.75,-8,35.29,0,0
"R_3iWFKZzL8d8rDaQ",10002,10002,309,14,87.5,16,70.59,1,16.67
"R_2QFEFSJgZqIZU03",10002,10002,309,11,68.75,-6,38.24,3,50
"R_33CtlBIDcXsFuZf",10002,10002,309,11,68.75,0,47.06,3,50
"R_2y79HVwQGNbrQed",10002,10002,309,11,68.75,13,66.18,3,50
"R_BXJcRrdpp2t0fgl",10002,10002,309,7,43.75,14,67.65,3,50
"R_sBdoeztIDmW4K5j",10002,10002,309,13,81.25,23,80.88,2,33.33
"R_3JgGnFqaHqnMe9M",10002,10002,309,8,50,6,55.88,5,83.33
"R_eECSozKjXCwfDbP",10002,10002,309,11,68.75,26,85.29,5,83.33
"R_qPluoayIxtAaE9z",10002,10002,309,14,87.5,25,83.82,2,33.33
"R_3hGTVIZ4gMEHozJ",10002,10002,309,11,68.75,17,72.06,3,50
"R_1C3omrxbhxLdKRe",10002,10002,309,11,68.75,29,89.71,3,50
"R_3KMxYjTgLWQBV1H",10002,10002,309,11,68.75,24,82.35,3,50
"R_3NJycQoHiLjS28b",10002,10002,309,9,56.25,14,67.65,6,100
"R_snenThehyiepiP7",10002,10002,309,10,62.5,19,75,3,50
"R_SJnjHPOIeE8xO7f",10002,10002,309,11,68.75,24,82.35,3,50
"R_3Hq456EJdol0ai6",10002,10002,309,7,43.75,25,83.82,2,33.33
"R_1duwIJbLb2HZUzS",10002,10002,309,8,50,18,73.53,3,50
"R_1pEX6KsmQJXHNTD",10002,10002,309,11,68.75,24,82.35,3,50
"R_XZEE09SoYdkP71v",10002,10002,309,11,68.75,24,82.35,3,50
"R_27lYY6dh2sghbYA",10002,10002,309,13,81.25,24,82.35,4,66.67
"R_1CdpUkNDE2g6PIY",10002,10002,309,11,68.75,21,77.94,0,0
"R_1IK997BkJhMR2Mf",10002,10002,309,10,62.5,16,70.59,4,66.67
"R_21p96ephqV1igj6",10002,10002,309,11,68.75,23,80.88,2,33.33
"R_3PpnXdvqGFd29oz",10002,10002,309,6,37.5,20,76.47,6,100
"R_2f3XysOFoxCelJg",10002,10002,309,7,43.75,-1,45.59,4,66.67
"R_2eQocvWa5mDocNH",10002,10002,309,9,56.25,-8,35.29,3,50
"R_1CwQI9YjRM4zFAF",10002,10002,309,13,81.25,5,54.41,3,50
"R_3gTT3MPWEWonaVB",10002,10002,309,10,62.5,25,83.82,3,50
"R_3P78Eh9DNtx2kft",10002,10002,309,14,87.5,20,76.47,3,50
"R_bOaGpEpSMEcxh29",10002,10002,309,14,87.5,18,73.53,3,50
"R_27wVLUvmJu61BGr",10002,10002,309,14,87.5,18,73.53,5,83.33
"R_1NtsiQiK9SRCL1W",10002,10002,309,9,56.25,0,47.06,5,83.33
"R_2rp82fh9EkJRqll",10002,10002,309,5,31.25,23,80.88,4,66.67
"R_2e2NBFV40quAK7V",10002,10002,309,8,50,2,50,5,83.33
"R_2bWac1uvr7y7FiJ",10002,10002,309,11,68.75,22,79.41,1,16.67
"R_2SrB5mifRxPmhsf",10002,10002,309,11,68.75,24,82.35,3,50
"R_2c1RLPiBnUGBy7A",10002,10002,309,8,50,32,94.12,3,50
"R_2agHC9G1sMxWsZ7",10003,10003,309,11,68.75,-12,29.41,3,50
"R_3m1YDP8WrGjo89q",10003,10003,309,15,93.75,9,60.29,4,66.67
"R_3dThSObdDSv4yec",10003,10003,309,10,62.5,-24,11.76,3,50
"R_BX6LJNnxJgU2AMx",10003,10003,309,9,56.25,16,70.59,2,33.33
"R_1gqLzgIKYGiTvUE",10003,10003,309,16,100,12,64.71,5,83.33
"R_1CD5oJIEmrTpTYk",10003,10003,309,14,87.5,13,66.18,3,50
"R_2Vxyp32wkqxnOjg",10003,10003,309,11,68.75,8,58.82,3,50
"R_0dLmGExTPQ2mAEh",10003,10003,309,11,68.75,-3,42.65,3,50
"R_1oFs1hewOHVxuev",10003,10003,309,11,68.75,18,73.53,6,100
"R_3MrL1bG2zGDXOV5",10003,10003,309,14,87.5,25,83.82,2,33.33
"R_1F2ILSnYv6rhVTr",10003,10003,309,8,50,24,82.35,3,50
"R_3Rz8j9JiFEuAhur",10003,10003,309,0,0,12,64.71,2,33.33
"R_1ooSBnT0XbVKgVB",10003,10003,309,11,68.75,-3,42.65,3,50
"R_paYz5ub3PVHUr8l",10003,10003,309,13,81.25,10,61.76,6,100
"R_3oHkvmX9frFx33G",10004,10004,310,16,100,6,55.88,5,83.33
"R_QiRMng4quuhIGGZ",10004,10004,310,5,31.25,10,61.76,4,66.67
"R_31FXrhzYSagx3YN",10004,10004,310,11,68.75,14,67.65,2,33.33
"R_1GFbtzD7kmzijIJ",10004,10004,310,8,50,-7,36.76,2,33.33
"R_31nlKYLgenDMvju",10004,10004,310,12,75,-5,39.71,3,50
"R_2Ezsy3MNF6QVAbP",10004,10004,310,10,62.5,22,79.41,1,16.67
"R_3qUNvumKfiDWYi5",10004,10004,310,9,56.25,-8,35.29,4,66.67
"R_1pLETLYotXwqCwy",10004,10004,310,12,75,10,61.76,3,50
"R_3HiX9c7SfmGtX7z",10004,10004,310,9,56.25,15,69.12,4,66.67
"R_z72uXT6GUcfMPEl",10004,10004,310,11,68.75,23,80.88,3,50
"R_z5Ms57bYLdixnVv",10004,10004,310,16,100,12,64.71,4,66.67
"R_1oC53vOK3JNWVdo",10005,10005,310,10,62.5,-17,22.06,6,100
"R_RDnwJ09jONWmwxP",10005,10005,310,9,56.25,8,58.82,5,83.33
"R_C22RUXMUjxHZBmN",10005,10005,310,16,100,25,83.82,6,100
"R_3h5BCTh3itaJREA",10005,10005,310,5,31.25,-5,39.71,4,66.67
"R_3m9mr7MVl36vGdt",10005,10005,310,10,62.5,9,60.29,1,16.67
"R_2B2L2kJ7Btacn8o",10005,10005,310,6,37.5,-4,41.18,3,50
"R_3IQMkhDgrl7JMQP",10005,10005,310,13,81.25,12,64.71,3,50
"R_1BPtM7USZIKlSYF",10005,10005,310,16,100,30,91.18,4,66.67
"R_10OFfnBrarXpZnx",10005,10005,310,10,62.5,-2,44.12,3,50
"R_1kY98YVxA7jAjW6",10005,10005,310,11,68.75,24,82.35,3,50
"R_1LLvd3JShVXVG83",10005,10005,310,11,68.75,-2,44.12,3,50
"R_3fOFPM1MZRTEE1C",10005,10005,310,6,37.5,14,67.65,4,66.67
"R_1OV4wHUZy3PyP6D",10005,10005,310,11,68.75,10,61.76,4,66.67
"R_2zkEZxAAIar3TDC",10005,10005,310,8,50,20,76.47,2,33.33
"R_3rTcUrvnvOUuT79",10005,10005,310,16,100,11,63.24,2,33.33
"R_237ymAg38jgscc0",10005,10005,310,16,100,27,86.76,6,100
"R_1C9e5lY5wIB72xG",10005,10005,310,11,68.75,10,61.76,4,66.67
"R_2Pb6fKL0QCP5E9W",10005,10005,310,11,68.75,-2,44.12,3,50
"R_325x03It4ABQ77c",10006,10006,310,7,43.75,16,70.59,2,33.33
"R_1E5LV9WhaD3M6rw",10006,10006,310,10,62.5,21,77.94,0,0
"R_21ys9HifRzHZYzO",10006,10006,310,9,56.25,-23,13.24,2,33.33
"R_Or3HBaBPw2rgO1b",10006,10006,310,11,68.75,29,89.71,3,50
"R_3hcmysYtHYMIGmC",10006,10006,310,11,68.75,32,94.12,2,33.33
"R_0oclVB8OG7HxJiF",10006,10006,310,8,50,-20,17.65,3,50
"R_3Jbmh6aLIydrnFo",10006,10006,310,7,43.75,13,66.18,4,66.67
"R_DofObyXbhkxUsuZ",10006,10006,310,11,68.75,16,70.59,3,50
"R_2OPfcLJBS25KME6",10007,10007,310,16,100,6,55.88,3,50
"R_AKImL3S8XZT6boB",10007,10007,310,11,68.75,7,57.35,3,50
"R_AyQj6Qa2Zxe61DX",10007,10007,310,7,43.75,22,79.41,3,50
"R_3lKwWtN3t5ytc4q",10007,10007,310,12,75,4,52.94,2,33.33
"R_2flFpWD25Ft6YC9",10007,10007,310,10,62.5,25,83.82,2,33.33
"R_3G70nu2RmH8g4MW",10007,10007,310,12,75,22,79.41,4,66.67
"R_1rqskotb14MSQ2h",10007,10007,310,10,62.5,-3,42.65,3,50
"R_2feORDa9ikrsTen",10007,10007,310,8,50,15,69.12,2,33.33
"R_1I5iZcdfmz8IunP",10007,10007,310,10,62.5,32,94.12,2,33.33
"R_27EEj10RGWSAtG3",10007,10007,310,9,56.25,10,61.76,2,33.33
"R_30pCXvzlAUl8JAy",10007,10007,310,10,62.5,3,51.47,3,50
"R_XjglZpjeeEInJOF",10007,10007,310,6,37.5,-15,25,4,66.67
"R_3fT3gvwV22togyt",10009,10009,309,7,43.75,9,60.29,3,50
"R_2EtTOzAnmpc0VeK",10009,10009,309,6,37.5,-9,33.82,2,33.33
"R_3hok9BWygePB07R",10009,10009,309,7,43.75,17,72.06,3,50
"R_2aKXUQnLAeGikae",10009,10009,309,16,100,2,50,5,83.33
"R_5dsxLbd1oqRmNEJ",10009,10009,309,11,68.75,-1,45.59,6,100
"R_0uZgT1R6o8dxHFv",10009,10009,309,11,68.75,24,82.35,5,83.33
"R_2TSGvCSjBX4Zs9b",10009,10009,309,13,81.25,-9,33.82,5,83.33
"R_3qxU1YKNCOVFvnx",10009,10009,309,10,62.5,-8,35.29,3,50
"R_2cbmiO7NM58r1D8",10009,10009,309,6,37.5,-18,20.59,1,16.67
"R_1KweBIXpdagAEB7",10009,10009,309,11,68.75,22,79.41,1,16.67
"R_RlgXzVP30cCvT57",10009,10009,309,11,68.75,20,76.47,3,50
"R_25KGPn3dELBUH7S",10009,10009,309,13,81.25,-26,8.82,3,50
"R_qWNxJaVY6cRJ4LD",10009,10009,309,11,68.75,18,73.53,5,83.33
"R_3iQhftDXyMnZ8tu",10010,10010,307,11,68.75,6,55.88,5,83.33
"R_2TFxFwjEVCngkfU",10010,10010,307,14,87.5,21,77.94,3,50
"R_sNK95DAvALNkDEB",10010,10010,307,8,50,-15,25,3,50
"R_AL4ai6o9obJHx5L",10010,10010,307,7,43.75,-1,45.59,5,83.33
"R_1cVbpfX4YklHFTb",10011,10011,306,5,31.25,26,85.29,3,50
"R_2CppLeFVRDgczfT",10011,10011,306,11,68.75,8,58.82,6,100
"R_10DAV8YmqYSbWok",10011,10011,306,11,68.75,23,80.88,3,50
"R_3huRhxWlESwXyJj",10011,10011,306,9,56.25,-4,41.18,0,0
"R_3J9rOKUFchdlmDf",10011,10011,306,11,68.75,9,60.29,1,16.67
"R_3h53BIIujDFd1u0",10011,10011,306,11,68.75,32,94.12,3,50
"R_2Tq4LMd2pneZiWf",10012,10012,308,11,68.75,18,73.53,3,50
"R_sNp2ldaKhjJfJn3",10012,10012,308,10,62.5,18,73.53,5,83.33
"R_3e37v62QH7Z565U",10012,10012,308,9,56.25,15,69.12,3,50
"R_2qgtpLK0fEPFu92",10012,10012,308,7,43.75,-2,44.12,4,66.67
"R_2th77swP4Ro1kt5",10012,10012,308,11,68.75,23,80.88,3,50
"R_1EcJIFcSyW0s8Of",10012,10012,308,15,93.75,22,79.41,2,33.33
"R_3kHqDrJCjUrZmRm",10013,10013,308,16,100,22,79.41,4,66.67
"R_25T2wVA3Qy8g2Id",10013,10013,308,10,62.5,20,76.47,3,50
"R_1opqS5hEVQL2YjG",10014,10014,308,4,25,-12,29.41,6,100
"R_30kSMmcXqZSn02m",10014,10014,308,16,100,29,89.71,4,66.67
"R_22X2Y40eT2j1eVm",10014,10014,308,1,6.25,20,76.47,3,50
"R_1iljyKMIqF0DOss",10014,10014,308,8,50,-15,25,6,100
"R_2Ua5Uh0uSGlDs8c",10014,10014,308,9,56.25,22,79.41,4,66.67
"R_1F8N3mWFMoosetQ",10018,10018,306,13,81.25,7,57.35,2,33.33
"R_0qSdw7DniJSW4qR",10018,10018,306,15,93.75,24,82.35,5,83.33
"R_qF6YuwKHLTkgCZ3",10019,10019,306,6,37.5,2,50,4,66.67
"R_1BYtZhjRw1Xd2Ht",10020,10020,306,6,37.5,12,64.71,4,66.67
"R_2aXjsefJKAqs5Xt",10021,10021,305,14,87.5,3,51.47,3,50
"R_1eQ6c64U2rMWUqe",10021,10021,305,10,62.5,-13,27.94,3,50
"R_3M5xwYDaGxcpJ8q",10021,10021,305,10,62.5,-9,33.82,2,33.33
"R_1IvbZbNQTAjRq9Y",10023,10023,304,9,56.25,2,50,3,50
"R_sUqALUxbF9JRJJv",10023,10023,304,11,68.75,13,66.18,3,50
"R_tRsyTjVdldm8IU1",10023,10023,304,13,81.25,-8,35.29,5,83.33
"R_3PA15nY9g5vlaz2",10024,10024,304,9,56.25,-19,19.12,3,50
"R_3CCzfiCW9GLQYKC",10024,10024,304,10,62.5,-19,19.12,3,50
"R_3qVdPZ5sP6JwEVq",10024,10024,304,16,100,-13,27.94,6,100
"R_YcuYLj7HZMMeR9L",10024,10024,304,7,43.75,13,66.18,3,50
"R_26a3XAqQyCoTWSv",10025,10025,304,4,25,30,91.18,5,83.33
"R_1myogFDaX46PYyk",10025,10025,304,10,62.5,6,55.88,2,33.33
"R_2PzeOoTBhiqfnyx",10025,10025,304,15,93.75,9,60.29,6,100
"R_OCD5m7vpFXHGWEF",10025,10025,304,11,68.75,15,69.12,3,50
"R_43puqcUjvmXZ10R",10025,10025,304,8,50,12,64.71,4,66.67
"R_31FpXkVuDoe3MTW",10025,10025,304,8,50,14,67.65,4,66.67
"R_BLBFeg3HLeO9Hz3",10025,10025,304,14,87.5,12,64.71,3,50
"R_2VNEvc3q6A8JADK",10025,10025,304,16,100,26,85.29,3,50
"R_2R2hQwlngegrnte",10025,10025,304,10,62.5,15,69.12,4,66.67
"R_3iqatLWiTWpSsRd",10025,10025,304,16,100,3,51.47,6,100
"R_1K1KKj1IyixLT4w",10025,10025,304,15,93.75,12,64.71,3,50
"R_3iqKLHeSUaqxV9w",10025,10025,304,15,93.75,23,80.88,3,50
"R_2PtxB4KW9GOyenz",10025,10025,304,10,62.5,18,73.53,3,50
"R_1QcHnaULob0hBXA",10025,10025,304,9,56.25,16,70.59,6,100
"R_OJ1EyQR44u1kcM1",10025,10025,304,11,68.75,-7,36.76,1,16.67
"R_1QFK6lwRH2Pbgp9",10025,10025,304,8,50,12,64.71,2,33.33
"R_123k9PhJeovcH9V",10025,10025,304,7,43.75,11,63.24,3,50
"R_2zbCjjN6sUhv6s5",10025,10025,304,13,81.25,8,58.82,4,66.67
"R_29iWFhugnnZ9urV",10025,10025,304,7,43.75,16,70.59,3,50
"R_w1qII9hGh0CGaxb",10025,10025,304,16,100,16,70.59,2,33.33
"R_yBV1MtmHZZ3C6WZ",10025,10025,304,16,100,15,69.12,5,83.33
"R_x6jyQEoyCCXMIAF",10025,10025,304,8,50,0,47.06,6,100
"R_3NDT5wlVtmaFSZw",10025,10025,304,3,18.75,10,61.76,4,66.67
"R_3p4poOBn2YXGXkn",10025,10025,304,10,62.5,16,70.59,3,50
"R_1MJIQGjoEEolZGC",10025,10025,304,6,37.5,-7,36.76,3,50
"R_PMMqkz2ioux9zNf",10025,10025,304,9,56.25,8,58.82,4,66.67
"R_AprMoBTA7DIvxCx",10025,10025,304,6,37.5,14,67.65,6,100
"R_3MrF97k5ApMPYj6",10025,10025,304,9,56.25,15,69.12,2,33.33
"R_2saKtgST38YCBTm",10025,10025,304,8,50,17,72.06,4,66.67
"R_3ERTLfoR4EMEUzG",10025,10025,304,9,56.25,12,64.71,2,33.33
"R_w0HdWUASr8sJqZX",10025,10025,304,10,62.5,27,86.76,4,66.67
"R_1rxJ5rLYoIYriGO",10025,10025,304,13,81.25,12,64.71,3,50
"R_8i7xPDZYHPkyaEp",10025,10025,304,11,68.75,4,52.94,6,100
"R_AG6QBuRIAffVdND",10025,10025,304,11,68.75,12,64.71,3,50
"R_3MKXDTnissOWuuD",10025,10025,304,13,81.25,27,86.76,3,50
"R_9MGTGn7i6ymr4zL",10025,10025,304,6,37.5,7,57.35,5,83.33
"R_3rPr7HHipCQZUSx",10025,10025,304,16,100,21,77.94,4,66.67
"R_2RXoiEnEct3t0qi",10025,10025,304,13,81.25,-7,36.76,5,83.33
"R_2mkgtqx2PkN6ULv",10025,10025,304,13,81.25,12,64.71,3,50
"R_2CBW5FkNftVXNiX",10025,10025,304,8,50,22,79.41,4,66.67
"R_1n75xfIaO93hjVu",10025,10025,304,12,75,10,61.76,6,100
"R_1GWfWcq0dIaTPWH",10025,10025,304,10,62.5,18,73.53,4,66.67
"R_21G5OvOdQoiLvZE",10025,10025,304,11,68.75,18,73.53,3,50
"R_1FzcEkNmrzezaj3",10025,10025,304,11,68.75,14,67.65,3,50
"R_1kNwISuI5fcJwaf",10025,10025,304,12,75,32,94.12,3,50
"R_2uyrJwNYiKvOtr0",10025,10025,304,13,81.25,24,82.35,3,50
"R_8ADhzIb03iI81ix",10025,10025,304,11,68.75,9,60.29,3,50
"R_xx9BnyCG1gOnu9P",10025,10025,304,11,68.75,10,61.76,3,50
"R_3iJtvCDGAM0WdfF",10025,10025,304,5,31.25,22,79.41,2,33.33
"R_3D0B1JxxEtJu69g",10025,10025,304,11,68.75,16,70.59,3,50
"R_8HXvtmFXu5GQLqp",10025,10025,304,11,68.75,14,67.65,4,66.67
"R_3qaMlBPfS7HJz7S",10025,10025,304,11,68.75,28,88.24,3,50
"R_eu6c23q93aVgw3T",10025,10025,304,11,68.75,12,64.71,3,50
"R_115iwos8GGSqhoy",10025,10025,304,11,68.75,32,94.12,4,66.67
"R_54n4j75u57anBHX",10025,10025,304,9,56.25,9,60.29,6,100
"R_3MKKmtK8VzxOCT6",10025,10025,304,12,75,8,58.82,3,50
"R_21yXTNGMCVe39Dm",10025,10025,304,2,12.5,6,55.88,5,83.33
"R_1dGjlDSJv2i8j7U",10025,10025,304,8,50,3,51.47,2,33.33
"R_eDlP8PBy8NNKg7f",10025,10025,304,11,68.75,28,88.24,5,83.33
"R_1JJDM9zrEkUVzZ4",10025,10025,304,11,68.75,20,76.47,3,50
"R_3hb6d76Pr6hgNtj",10025,10025,304,6,37.5,16,70.59,2,33.33
"R_2qeq88h3D7XuVm9",10025,10025,304,7,43.75,26,85.29,4,66.67
"R_z6DNTwguXEslWnL",10025,10025,304,14,87.5,27,86.76,4,66.67
"R_2vYRzoWbfC40ERy",10025,10025,304,6,37.5,24,82.35,3,50
"R_10ZvVWIA59tLKsu",10025,10025,304,11,68.75,6,55.88,2,33.33
"R_3W5FpdFRaLqwsSZ",10025,10025,304,13,81.25,10,61.76,2,33.33
"R_2b1WBp3gwY4oFbr",10025,10025,304,10,62.5,10,61.76,3,50
"R_DOgV7Saxlao8NkB",10025,10025,304,10,62.5,5,54.41,4,66.67
"R_W855TDkWuFj8Y9j",10025,10025,304,10,62.5,18,73.53,3,50
"R_1Qa5hyo6XILA1Dc",10025,10025,304,8,50,7,57.35,2,33.33
"R_21dNkYYFIdjtINu",10025,10025,304,11,68.75,-3,42.65,5,83.33
"R_vYqOWjIjukoc7fz",10025,10025,304,13,81.25,14,67.65,3,50
"R_3lsRyOGDdD6Ymjf",10025,10025,304,11,68.75,29,89.71,4,66.67
"R_1KeevrNvpKIiq1f",10025,10025,304,11,68.75,14,67.65,3,50
"R_2ARRNvCIwPP1HhW",10025,10025,304,10,62.5,-13,27.94,3,50
"R_2yr9Mnp83EExnth",10025,10025,304,12,75,11,63.24,2,33.33
"R_3k7jBenBD9BdaEt",10025,10025,304,14,87.5,10,61.76,4,66.67
"R_2XcUx0PC4DrFF37",10025,10025,304,6,37.5,2,50,4,66.67
"R_Ulru5obpHhM589X",10025,10025,304,10,62.5,16,70.59,5,83.33
"R_1DqC3dT0WG3FDjA",10025,10025,304,10,62.5,10,61.76,4,66.67
"R_1kOoJB0pODLdWAW",10025,10025,304,11,68.75,14,67.65,2,33.33
"R_Q5HWwUB302qx42t",10025,10025,304,10,62.5,21,77.94,4,66.67
"R_3JaZh1sYElZG2FU",10025,10025,304,11,68.75,17,72.06,5,83.33
"R_a5mDYptwbw6UK1H",10025,10025,304,5,31.25,22,79.41,6,100
"R_2DP6feiPVRYHNlM",10025,10025,304,6,37.5,34,97.06,6,100
"R_30leJqDBUQdjN6P",10025,10025,304,5,31.25,13,66.18,1,16.67
"R_3ktv20pERjdTPpY",10025,10025,304,11,68.75,12,64.71,4,66.67
"R_1mPmDGsJ2UzVOmv",10025,10025,304,14,87.5,18,73.53,4,66.67
"R_10q17Typ0W66cgz",10025,10025,304,12,75,19,75,5,83.33
"R_D33L05TXBRtDaDL",10025,10025,304,13,81.25,20,76.47,4,66.67
"R_41lfB1UmIlxX8s1",10025,10025,304,10,62.5,6,55.88,3,50
"R_2X7KazO5hEldKXh",10025,10025,304,16,100,36,100,3,50
"R_ZBOB9JwuUpcj8yt",10025,10025,304,10,62.5,2,50,1,16.67
"R_3fBFMJR6nEXWTJU",10025,10025,304,10,62.5,14,67.65,2,33.33
"R_2vdZR9CowtB6OId",10025,10025,304,11,68.75,27,86.76,3,50
"R_3HHdR4KSDdNXRSx",10025,10025,304,8,50,14,67.65,4,66.67
"R_24bEUVrgXUylCwY",10025,10025,304,16,100,1,48.53,2,33.33
"R_30jfWxDZTccF6FX",10025,10025,304,10,62.5,20,76.47,3,50
"R_2fxm4ILOA9yFlU7",10025,10025,304,11,68.75,19,75,3,50
"R_cOv0mDflt6dvLwJ",10025,10025,304,11,68.75,21,77.94,3,50
"R_4MmYYqD6xJrKXQt",10025,10025,304,11,68.75,2,50,3,50
"R_2v07bp4gkDzry9G",10025,10025,304,8,50,28,88.24,5,83.33
"R_2DV21rZAFmndhfs",10025,10025,304,16,100,24,82.35,3,50
"R_2lybqqPo2bQF9Ch",10025,10025,304,12,75,25,83.82,6,100
"R_20Oq0t8sMY23kJm",10025,10025,304,10,62.5,4,52.94,4,66.67
"R_3QVgYwiwFYmgcak",10025,10025,304,8,50,0,47.06,6,100
"R_3fdWmlTZi8atFUO",10025,10025,304,13,81.25,4,52.94,4,66.67
"R_3PzBVhAptPdSsZe",10025,10025,304,13,81.25,18,73.53,4,66.67
"R_3dRKIwAAkctBbak",10025,10025,304,11,68.75,13,66.18,1,16.67
"R_2eOs2iaNUXN6Vap",10025,10025,304,13,81.25,20,76.47,4,66.67
"R_aeEf8DYUa2BJEYN",10025,10025,304,9,56.25,19,75,4,66.67
"R_1fgegcUFefPTUBb",10025,10025,304,11,68.75,12,64.71,3,50
"R_3NVzM2IRaLuhsVu",10025,10025,304,9,56.25,1,48.53,5,83.33
"R_3DvSCXmepofZnMB",10025,10025,304,13,81.25,16,70.59,5,83.33
"R_2ZWEGcGZLzhuhpf",10025,10025,304,8,50,29,89.71,4,66.67
"R_2wMnYrt3DYUEpub",10025,10025,304,9,56.25,9,60.29,3,50
"R_vkHEMd3mzyw2hEt",10025,10025,304,13,81.25,23,80.88,5,83.33
"R_3m4S1ZDHnujnPtz",10025,10025,304,15,93.75,20,76.47,5,83.33
"R_BEduTc3N10xY16p",10025,10025,304,9,56.25,14,67.65,4,66.67
"R_3mjx8deFk8SRYv9",10025,10025,304,15,93.75,-8,35.29,4,66.67
"R_SDlIHoVMXX3Tnq1",10025,10025,304,4,25,10,61.76,5,83.33
"R_2pXn3vr45Z1A1L7",10025,10025,304,9,56.25,9,60.29,2,33.33
"R_3pgxP4Cmehz2jnb",10025,10025,304,5,31.25,20,76.47,6,100
"R_umE28vvLsaDbRT3",10025,10025,304,9,56.25,25,83.82,3,50
"R_8q46Fjd6jwnukgh",10025,10025,304,11,68.75,0,47.06,4,66.67
"R_2CWeJeaWZLIRlL9",10025,10025,304,16,100,18,73.53,2,33.33
"R_86MZZLq38udY6E9",10025,10025,304,16,100,16,70.59,4,66.67
"R_1N2fTnOxJSpYkK3",10025,10025,304,5,31.25,21,77.94,1,16.67
"R_3nwrlQs6uu1IJN4",10025,10025,304,11,68.75,-1,45.59,5,83.33
"R_8dChZprUvdhIohP",10025,10025,304,11,68.75,27,86.76,4,66.67
"R_4MFVKwh3NcA5eVz",10025,10025,304,7,43.75,11,63.24,3,50
"R_1rqPPhxRdQz32Sm",10025,10025,304,11,68.75,13,66.18,2,33.33
"R_1mgbJWb1yXgc4X9",10025,10025,304,8,50,19,75,4,66.67
"R_2SdH30bypgtKBKO",10025,10025,304,11,68.75,10,61.76,4,66.67
"R_1rjlDjcYAL56aHa",10026,10026,302,16,100,-6,38.24,5,83.33
"R_eQldOYahetUb1Jf",10027,10027,302,7,43.75,25,83.82,5,83.33
"R_3eyKlFJ4lbKLFEU",10027,10027,302,12,75,-14,26.47,2,33.33
"R_2YgZv0gjLDbPJ4s",10028,10028,305,11,68.75,4,52.94,6,100
"R_1mkO8LqudyRFYRU",10029,10029,303,11,68.75,30,91.18,3,50
"R_2rB1X6jGV9VsnCh",10029,10029,303,16,100,15,69.12,5,83.33
"R_1rJHxSuoaXmRq7Z",10029,10029,303,11,68.75,30,91.18,6,100
"R_3DiqoASSkQOvqs4",10029,10029,303,13,81.25,-1,45.59,6,100
"R_pbm7cORUS5OfR8R",10029,10029,303,10,62.5,6,55.88,3,50
"R_3rSwwduqPTfSPVy",10029,10029,303,15,93.75,14,67.65,3,50
"R_2cvWmsDdcgzxX6e",10029,10029,303,16,100,20,76.47,2,33.33
"R_UtkWPjnYL8iecbT",10029,10029,303,12,75,16,70.59,3,50
"R_2ElOCML3CTlN1Ef",10029,10029,303,14,87.5,17,72.06,3,50
"R_1fkjWEwesoMDuyD",10029,10029,303,16,100,8,58.82,5,83.33
"R_2PzDGk6OEIe8evQ",10029,10029,303,11,68.75,18,73.53,5,83.33
"R_WiBf18HyEjlmoZr",10029,10029,303,11,68.75,8,58.82,5,83.33
"R_RwqUUTaWRwlVy93",10029,10029,303,14,87.5,16,70.59,4,66.67
"R_1j7Luyj0QY375zg",10029,10029,303,6,37.5,14,67.65,4,66.67
"R_31ctcRRSz9FJk2v",10029,10029,303,12,75,12,64.71,5,83.33
"R_1CvfcVRjnqbfxuL",10029,10029,303,8,50,17,72.06,3,50
"R_2TpfSbJh6FxEdOD",10029,10029,303,14,87.5,16,70.59,2,33.33
"R_C2Kf4E9abz0MUUN",10029,10029,303,10,62.5,3,51.47,5,83.33
"R_3snMA9azilQUQkz",10029,10029,303,11,68.75,-20,17.65,3,50
"R_yWIF1IawDExQZ1v",10029,10029,303,6,37.5,14,67.65,1,16.67
"R_2CvT1DP7mxRL5f3",10029,10029,303,6,37.5,26,85.29,6,100
"R_3Dc4u1saEsWm58C",10029,10029,303,7,43.75,-12,29.41,2,33.33
"R_1q1IB5i4hcnucLj",10029,10029,303,11,68.75,6,55.88,1,16.67
"R_tPyGiO0CQCdjlUB",10029,10029,303,11,68.75,32,94.12,3,50
"R_1BXkm6dBi2Ngfgm",10029,10029,303,10,62.5,-5,39.71,5,83.33
"R_2QyWwURoe77FKWU",10029,10029,303,16,100,1,48.53,3,50
"R_ROFnpIz64olItFL",10029,10029,303,11,68.75,35,98.53,1,16.67
"R_20YBLkuKFpGrZ6h",10029,10029,303,16,100,-2,44.12,3,50
"R_2QKHhAMSZ9HbkEq",10029,10029,303,11,68.75,5,54.41,6,100
"R_vAKUdbRi3aQ1BxT",10029,10029,303,6,37.5,7,57.35,5,83.33
"R_BLnMekRw9uWFw8V",10029,10029,303,11,68.75,21,77.94,1,16.67
"R_3G9XGxxfxmgYbxe",10029,10029,303,11,68.75,28,88.24,3,50
"R_1Qae9Ejj4AccHGF",10029,10029,303,15,93.75,30,91.18,2,33.33
"R_2CVBjjfOuTWYwWG",10029,10029,303,16,100,13,66.18,3,50
"R_31YQceM1vd2lvZU",10029,10029,303,1,6.25,12,64.71,3,50
"R_p6iESSrzIrVx1o5",10029,10029,303,11,68.75,-4,41.18,3,50
"R_3dLjGQGx6d0gO4Q",10029,10029,303,6,37.5,-2,44.12,3,50
"R_OwKUrHhiYVtldpT",10029,10029,303,13,81.25,32,94.12,2,33.33
"R_2zUa2lb4yZC3LVP",10029,10029,303,7,43.75,14,67.65,0,0
"R_1gFolUISTof0Qr4",10029,10029,303,16,100,12,64.71,3,50
"R_XBOol0GbThd1hyp",10029,10029,303,16,100,2,50,6,100
"R_2SuB8WEHsAOF8yJ",10029,10029,303,11,68.75,28,88.24,4,66.67
"R_2ZUkZ1fZrlgfP3T",10029,10029,303,9,56.25,28,88.24,3,50
"R_245xlKpiX0DJ3Sd",10029,10029,303,11,68.75,36,100,3,50
"R_vuU46j3clfJxaG5",10029,10029,303,11,68.75,18,73.53,5,83.33
"R_1H6xnZvPxbcTlEl",10029,10029,303,11,68.75,8,58.82,3,50
"R_zcW9j2rfu9vuvBL",10029,10029,303,13,81.25,-5,39.71,3,50
"R_1LBz2C13liSpDRW",10029,10029,303,16,100,-13,27.94,4,66.67
"R_2OSyofxy7rnYvDE",10029,10029,303,11,68.75,35,98.53,3,50
"R_3CVZX99QWq0pfme",10029,10029,303,10,62.5,6,55.88,4,66.67
"R_1poFjLJQLBXoNCD",10029,10029,303,15,93.75,10,61.76,3,50
"R_1BPYAQuWZKHXzQD",10029,10029,303,11,68.75,-8,35.29,6,100
"R_3IY4vMOjoILexsx",10029,10029,303,7,43.75,2,50,2,33.33
"R_3r3aUvlp06EJoaM",10029,10029,303,11,68.75,22,79.41,5,83.33
"R_3PTyL75fFzWmgLI",10029,10029,303,11,68.75,-20,17.65,4,66.67
"R_31hYcjgumFDQ2sT",10029,10029,303,10,62.5,4,52.94,2,33.33
"R_3HIy5Tavwhcgrvt",10029,10029,303,11,68.75,14,67.65,6,100
"R_6lhuLKJ427zR59n",10029,10029,303,11,68.75,28,88.24,3,50
"R_3PNbR4MyWEHVVo2",10029,10029,303,11,68.75,-2,44.12,2,33.33
"R_2wowC4xTxN7EBHD",10029,10029,303,13,81.25,8,58.82,1,16.67
"R_3s0tNy9nUrdp8ra",10029,10029,303,16,100,4,52.94,5,83.33
"R_2ri3pbdtaiKaGhp",10029,10029,303,11,68.75,8,58.82,3,50
"R_2CUlbj06mo2wCzX",10029,10029,303,10,62.5,16,70.59,3,50
"R_2aY7dS3FvsOuAu0",10029,10029,303,11,68.75,10,61.76,5,83.33
"R_2uQAYDukDtEKaun",10029,10029,303,14,87.5,21,77.94,3,50
"R_1CxBDASJcMx0fWB",10029,10029,303,11,68.75,11,63.24,5,83.33
"R_Zemy2YfLvg3l4M9",10029,10029,303,9,56.25,-2,44.12,2,33.33
"R_2e2SumZwm5UGCaj",10029,10029,303,12,75,11,63.24,4,66.67
"R_3MGuqTBaRK4ip4v",10029,10029,303,11,68.75,16,70.59,3,50
"R_3IXKzJG0SRoJwJr",10029,10029,303,12,75,29,89.71,2,33.33
"R_1PRVmS7E8lujlR2",10029,10029,303,12,75,10,61.76,4,66.67
"R_C1BjVDDCy1dohUZ",10029,10029,303,14,87.5,23,80.88,6,100
"R_1gMvudPoVlpEARb",10029,10029,303,11,68.75,18,73.53,5,83.33
"R_2f1ikdBAuwt7A5n",10029,10029,303,11,68.75,20,76.47,3,50
"R_3RaX43Va0QlVn3O",10029,10029,303,11,68.75,0,47.06,5,83.33
"R_2dsGd7fKhnmSY7q",10029,10029,303,14,87.5,18,73.53,4,66.67
"R_UABtVd8RvPcZKp3",10029,10029,303,16,100,13,66.18,3,50
"R_3lMltdZKA2B7q0x",10029,10029,303,15,93.75,10,61.76,4,66.67
"R_1MX85AM8sWRyuAo",10029,10029,303,9,56.25,18,73.53,5,83.33
"R_1f40GeMi48IKNYU",10029,10029,303,11,68.75,14,67.65,4,66.67
"R_1jkNgiPkJqYSizr",10029,10029,303,9,56.25,10,61.76,3,50
"R_2w1vcUdMkcoRrTG",10029,10029,303,7,43.75,3,51.47,2,33.33
"R_3oKD2LMAC3zJeyd",10029,10029,303,7,43.75,22,79.41,4,66.67
"R_XnAouw9tCIQsYE1",10029,10029,303,6,37.5,18,73.53,4,66.67
"R_1gtgq3QHo5hDd1m",10029,10029,303,16,100,12,64.71,6,100
"R_2rBHjAqJQkuFY7m",10029,10029,303,10,62.5,17,72.06,4,66.67
"R_pug0jJqgNRiCgMh",10029,10029,303,13,81.25,7,57.35,4,66.67
"R_Bx0XmId8hkerUZj",10029,10029,303,13,81.25,8,58.82,3,50
"R_1FvfQIou0OTlQFX",10029,10029,303,11,68.75,28,88.24,3,50
"R_1zvzUOZ6ZNANVjH",10029,10029,303,11,68.75,36,100,3,50
"R_2rPgLW3ca2iFiJ2",10029,10029,303,16,100,7,57.35,2,33.33
"R_8f5uspq37oNsPGp",10029,10029,303,16,100,16,70.59,4,66.67
"R_3ozvUsgV4ZiS5l8",10029,10029,303,7,43.75,16,70.59,4,66.67
"R_3hEdt9tlkQLktUK",10029,10029,303,11,68.75,32,94.12,1,16.67
"R_3KJklKwDvaHTRWK",10029,10029,303,11,68.75,20,76.47,5,83.33
"R_2pS0NtLvUJrWdgO",10029,10029,303,16,100,11,63.24,4,66.67
"R_3DdKl18B4ehRhkR",10029,10029,303,12,75,9,60.29,4,66.67
"R_3p9A7ctHkDqkX32",10029,10029,303,11,68.75,5,54.41,3,50
"R_ULUvA6pqFFYVHvX",10029,10029,303,12,75,27,86.76,5,83.33
"R_1FwVSFYqcLlaF9R",10029,10029,303,13,81.25,26,85.29,6,100
"R_1JWytvDitxYcdaf",10029,10029,303,3,18.75,6,55.88,3,50
"R_5jUnKHVoPNF6ppf",10029,10029,303,7,43.75,28,88.24,3,50
"R_1mqGS13Z9hMxzVR",10029,10029,303,11,68.75,4,52.94,6,100
"R_1NgZnfHTOMkTa2Z",10029,10029,303,16,100,27,86.76,3,50
"R_tQjTJjbe2UjkVLH",10029,10029,303,10,62.5,1,48.53,2,33.33
"R_3nH1iteDnSY6TwV",10029,10029,303,14,87.5,34,97.06,3,50
"R_3MyWkVWUiD4ocA6",10029,10029,303,11,68.75,21,77.94,6,100
"R_3KxUhsKIeSAGwh2",10029,10029,303,11,68.75,30,91.18,2,33.33
"R_2f7JDdm5bxQuALM",10030,10030,302,13,81.25,18,73.53,4,66.67
"R_3JlSdUiWM35jyNe",10030,10030,302,13,81.25,6,55.88,5,83.33
"R_3s08k6nfBHHwe0x",10032,10032,301,9,56.25,18,73.53,3,50
"R_5lQQNvecWLpoVBe",10032,10032,301,4,25,-8,35.29,3,50
"R_65mc4QbroUnu8Xn",10032,10032,301,7,43.75,16,70.59,4,66.67
"R_6NmNbhrU17SZFtc",10032,10032,301,14,87.5,17,72.06,1,16.67
"R_USeTisDJVSa3kUp",10032,10032,301,9,56.25,19,75,2,33.33
"R_3rSxOdMAd2YmiIq",10032,10032,301,11,68.75,2,50,0,0
"R_5Kct10oo1Pwfx2p",10032,10032,301,8,50,32,94.12,4,66.67
"R_7wt1STIZBEIu6bL",10032,10032,301,11,68.75,4,52.94,3,50
"R_7CBOoj1A16bxigc",10032,10032,301,7,43.75,11,63.24,3,50
"R_74JfUeWc9ADiGaR",10032,10032,301,8,50,8,58.82,2,33.33
"R_3B0CvAWYoiOf3gJ",10032,10032,301,16,100,6,55.88,4,66.67
"R_8CdOnqKp4sQNFxD",10033,10033,301,10,62.5,5,54.41,6,100
"R_1NwEgRm6nKg3i3j",10035,10035,303,11,68.75,7,57.35,3,50
"R_3CIoNf1yFkcVqz9",10037,10037,302,8,50,6,55.88,2,33.33
"R_3jSQ4YINwFBD7iK",10039,10039,301,13,81.25,13,66.18,6,100
"R_3HuXYEaneXpOMxY",10040,10040,301,16,100,10,61.76,5,83.33
"R_cVhuSZvTBo4P54d",10040,10040,301,15,93.75,14,67.65,5,83.33
"R_tErjkCloDaLXD9v",10040,10040,301,12,75,14,67.65,4,66.67
"R_1KjUxMUeaoaLI6p",10040,10040,301,12,75,-13,27.94,5,83.33
"R_5uWdLfrawHL5ZcZ",10040,10040,301,10,62.5,16,70.59,4,66.67
"R_12KCIbmrlTj2PdA",10044,10044,305,5,31.25,5,54.41,6,100
"R_1LMrgNFUQJcdYs9",10065,10065,305,16,100,32,94.12,2,33.33
"R_3fxhQdmBnlUFBRv",10069,10069,304,8,50,-1,45.59,5,83.33
"R_D8mYwrE56k4aRdn",10103,10103,306,13,81.25,-14,26.47,2,33.33
"R_262NskGMiVvJ81X",10111,10111,306,10,62.5,27,86.76,3,50
"R_3Hwfq0I9Lwx3Iy3",10111,10111,306,7,43.75,17,72.06,4,66.67
"R_2eRwlT9xtJNf3xP",10112,10112,306,6,37.5,10,61.76,2,33.33
"R_2UixsudjdDfVwnC",10115,10115,302,9,56.25,7,57.35,4,66.67
"R_2U5w2z3yNTyRaQj",10128,10128,305,9,56.25,21,77.94,4,66.67
"R_3gUb1sRrbqPY6AE",10152,10152,307,11,68.75,32,94.12,5,83.33
"R_a4OiWkd9S3aktH3",10162,10162,305,8,50,27,86.76,3,50
"R_ABzKx8sdl5MJXIR",10169,10169,307,11,68.75,-6,38.24,2,33.33
"R_3Kwq2FVUbi7FIRX",10170,10170,307,10,62.5,27,86.76,1,16.67
"R_UQlTzUMxnYiHabD",10271,10271,310,15,93.75,32,94.12,4,66.67
"R_3Di4Ed7SUkre4Ez",10279,10279,310,8,50,16,70.59,3,50
"R_vTXUhLbqEbmym9b",10282,10282,310,9,56.25,6,55.88,1,16.67
"R_0OPLZoCVgslBvR7",10301,10301,502,9,56.25,-14,26.47,4,66.67
"R_3ES7nAyAIVZzUcG",10302,10302,501,9,56.25,17,72.06,3,50
"R_27lmrtOYknHNpaE",10302,10302,501,15,93.75,17,72.06,2,33.33
"R_2WIls99V1JrPkLj",10302,10302,501,4,25,8,58.82,4,66.67
"R_2zGSwpaqLRq0i7y",10302,10302,501,10,62.5,22,79.41,4,66.67
"R_3qz28uWT81c0pgK",10302,10302,501,11,68.75,0,47.06,3,50
"R_PNipF5toXXtRxXH",10302,10302,501,16,100,7,57.35,5,83.33
"R_1ODDbOXJ0TeQz9W",10302,10302,501,11,68.75,9,60.29,5,83.33
"R_D0Pu7KMWRJPaK5j",10302,10302,501,9,56.25,10,61.76,5,83.33
"R_2qsb9ojEd8iwyZm",10302,10302,501,10,62.5,15,69.12,5,83.33
"R_2qs1e0u91qZQ2cY",10302,10302,501,16,100,-3,42.65,4,66.67
"R_33dL8eSUle1NhCa",10302,10302,501,8,50,9,60.29,3,50
"R_2qz7mBJH22kz4Rv",10302,10302,501,10,62.5,21,77.94,3,50
"R_D1asq1lcL2eRlD3",10302,10302,501,9,56.25,-1,45.59,4,66.67
"R_1IZt05UVYMuMcBF",10302,10302,501,12,75,16,70.59,4,66.67
"R_3qR2mWoCqUdjrJS",10302,10302,501,9,56.25,8,58.82,4,66.67
"R_3g88kKZWo5BUdUN",10302,10302,501,13,81.25,12,64.71,0,0
"R_Q6LQ19KgMPdX1IZ",10302,10302,501,11,68.75,5,54.41,5,83.33
"R_3sKbaEchSKEjmcp",10302,10302,501,6,37.5,10,61.76,4,66.67
"R_2qarNJfqCgqRggb",10302,10302,501,10,62.5,16,70.59,5,83.33
"R_1DY0i4m6u3ZQBPi",10303,10303,501,6,37.5,28,88.24,3,50
"R_1rrKVtno0RkFqM9",10304,10304,502,15,93.75,17,72.06,5,83.33
"R_10CMmoOiHRRSGdl",10304,10304,502,12,75,5,54.41,2,33.33
"R_2tqY5zJpJ39BKBR",10304,10304,502,4,25,6,55.88,3,50
"R_2tszBztD4tM5un2",10304,10304,502,11,68.75,14,67.65,3,50
"R_3fBKiyibb05zU7k",10304,10304,502,10,62.5,7,57.35,3,50
"R_2rZoqHdWmE1eFdZ",10304,10304,502,16,100,11,63.24,6,100
"R_28NvoYMKZt8dehg",10304,10304,502,10,62.5,14,67.65,2,33.33
"R_1CqB0sQgy5Ti7lR",10304,10304,502,11,68.75,26,85.29,3,50
"R_2DUBuk7vqnVz66Z",10304,10304,502,11,68.75,15,69.12,5,83.33
"R_1QmZr5WE05koIwx",10304,10304,502,6,37.5,13,66.18,2,33.33
"R_RFzU5ABcJn1hidH",10304,10304,502,11,68.75,-2,44.12,3,50
"R_5oFN6C7rNltMa7T",10304,10304,502,9,56.25,-15,25,4,66.67
"R_1F8qJGnHAjocQly",10304,10304,502,13,81.25,9,60.29,4,66.67
"R_27Cl7Mlpi2oe91m",10304,10304,502,10,62.5,-13,27.94,4,66.67
"R_2fBECYOenTvmwgq",10304,10304,502,6,37.5,16,70.59,5,83.33
"R_1qb43ww81ebC1zJ",10304,10304,502,13,81.25,8,58.82,3,50
"R_3MnBPQDYnURanHJ",10304,10304,502,11,68.75,-2,44.12,4,66.67
"R_24qSj5VmD97x5Yf",10304,10304,502,12,75,8,58.82,3,50
"R_3rHtlh4lAO4mXq6",10304,10304,502,13,81.25,21,77.94,6,100
"R_1EZr2LYvwoB59Sl",10304,10304,502,11,68.75,-32,0,6,100
"R_5awo0GDFt0tRP3j",10304,10304,502,7,43.75,8,58.82,3,50
"R_1pul0Of2KXfbzhU",10304,10304,502,16,100,19,75,4,66.67
"R_yOVJDnhBaP5GHhn",10304,10304,502,11,68.75,10,61.76,4,66.67
"R_2vdc0Yz1tRA5zvi",10304,10304,502,11,68.75,0,47.06,3,50
"R_1nZpA0k9OBjFkAW",10304,10304,502,16,100,17,72.06,3,50
"R_1CKH5f68F3tgS7i",10304,10304,502,14,87.5,10,61.76,5,83.33
"R_2rGvfBSN32di7IY",10304,10304,502,14,87.5,14,67.65,4,66.67
"R_3Vr74SslqGuOJIl",10304,10304,502,7,43.75,12,64.71,3,50
"R_p63Cb51GEviV9ER",10304,10304,502,13,81.25,20,76.47,4,66.67
"R_1hAtZuCIaLE52xN",10304,10304,502,11,68.75,2,50,5,83.33
"R_1ND5GzzHw3ROUu2",10304,10304,502,11,68.75,18,73.53,4,66.67
"R_vAhBgCfVo5Arjgd",10304,10304,502,8,50,13,66.18,1,16.67
"R_1oaJOMjloGgxgAE",10304,10304,502,10,62.5,0,47.06,2,33.33
"R_33jAiV0NnaqMVcG",10305,10305,502,11,68.75,10,61.76,5,83.33
"R_2QlecwgU0nnqCls",10306,10306,504,4,25,27,86.76,2,33.33
"R_3UCZeLuCYsOTuFP",10310,10310,501,9,56.25,-3,42.65,5,83.33
"R_3flSP8C9z8sT5uQ",10310,10310,501,10,62.5,28,88.24,3,50
"R_3scASAlajhXmWXz",10311,10311,503,11,68.75,25,83.82,2,33.33
"R_2e81UIoJnlyYxOP",10312,10312,504,13,81.25,8,58.82,4,66.67
"R_2zRZv55C230Zgdl",10312,10312,504,10,62.5,7,57.35,3,50
"R_3szhHuugPeFxgDL",10314,10314,503,15,93.75,-3,42.65,5,83.33
"R_2qxGf5kJEiEM69c",10452,10452,106,6,37.5,29,89.71,3,50
"R_etYBYwDjBV9jy1z",10452,10452,106,0,0,8,58.82,5,83.33
"R_1dyPcnmVzi3tCU1",10452,10452,106,11,68.75,8,58.82,3,50
"R_CfvlyFz4li7Pkm5",10452,10452,106,16,100,-16,23.53,6,100
"R_7TLirvRNV7w30Qx",10453,10453,105,16,100,2,50,6,100
"R_3QMEUW1WjBh61b5",10453,10453,105,15,93.75,12,64.71,1,16.67
"R_1dufweLFMGHzUka",10453,10453,105,6,37.5,4,52.94,3,50
"R_pMXTy6l9B7mYVtT",10453,10453,105,9,56.25,14,67.65,5,83.33
"R_2dya012nL1CDCFn",10453,10453,105,16,100,23,80.88,4,66.67
"R_2xDx7jLramdDk2f",10453,10453,105,12,75,11,63.24,6,100
"R_271Hi9HHYaEVCca",10453,10453,105,7,43.75,16,70.59,3,50
"R_2DTcFksWdaXHlyC",10453,10453,105,14,87.5,11,63.24,4,66.67
"R_10OfJGPWVSRcSp2",10453,10453,105,4,25,10,61.76,6,100
"R_3hFlOYRXwSmTbql",10453,10453,105,15,93.75,-7,36.76,5,83.33
"R_0fDoGV7JgZ3uktb",10453,10453,105,16,100,14,67.65,6,100
"R_1LAQvxcQo2YVvrD",10453,10453,105,15,93.75,24,82.35,2,33.33
"R_9RdfglbEI4ZSaE9",10453,10453,105,4,25,26,85.29,3,50
"R_W3dyNRfXOm2ZxDj",10453,10453,105,16,100,8,58.82,6,100
"R_3ktwHsrfe9T6tzp",10453,10453,105,11,68.75,16,70.59,6,100
"R_3MboBRCR1SHeigO",10453,10453,105,11,68.75,13,66.18,3,50
"R_2qC64W7n3fPTRJp",10453,10453,105,6,37.5,-8,35.29,5,83.33
"R_2Ys42GKbOXMh5C9",10453,10453,105,11,68.75,7,57.35,0,0
"R_3qpXtZUo8Yp9JUi",10453,10453,105,11,68.75,27,86.76,6,100
"R_1Ne52doDtAkRV5A",10453,10453,105,14,87.5,13,66.18,4,66.67
"R_31N3Uum99zHG39A",10453,10453,105,11,68.75,23,80.88,3,50
"R_3QKOzcfKQUcR2JN",10453,10453,105,10,62.5,-14,26.47,5,83.33
"R_6QH41cXybj6yzpT",10453,10453,105,10,62.5,-9,33.82,4,66.67
"R_2EofCKVJupJGlw5",10453,10453,105,16,100,3,51.47,6,100
"R_2X7HkSKnbnpiF7e",10453,10453,105,4,25,-4,41.18,5,83.33
"R_2tGvbtuRUAjJRul",10453,10453,105,11,68.75,18,73.53,3,50
"R_7VvqjWub9xmwiGd",10453,10453,105,12,75,6,55.88,5,83.33
"R_1Ooz7rM33iGUhW7",10453,10453,105,11,68.75,32,94.12,3,50
"R_1K2LqDLjLFvnmoP",10453,10453,105,12,75,24,82.35,4,66.67
"R_dbt344oHKOeeAjD",10453,10453,105,11,68.75,14,67.65,2,33.33
"R_QixkLGvp6xFng2d",10453,10453,105,8,50,14,67.65,6,100
"R_2OVbvq5wyxmc55X",10453,10453,105,6,37.5,14,67.65,1,16.67
"R_1IhpDg2ykFwJ19h",10453,10453,105,7,43.75,12,64.71,5,83.33
"R_1joGBEXBKzYrKbb",10453,10453,105,11,68.75,22,79.41,4,66.67
"R_31bHbU9lXSOpKgP",10453,10453,105,14,87.5,12,64.71,4,66.67
"R_1i27wrGovJEEjuu",10453,10453,105,14,87.5,26,85.29,2,33.33
"R_tSzllTb4RgrBCtr",10453,10453,105,9,56.25,5,54.41,3,50
"R_3rVduRswQfqQUvo",10453,10453,105,4,25,7,57.35,3,50
"R_1XQjK65vJvRVOKJ",10453,10453,105,12,75,6,55.88,6,100
"R_DHoRq6c7Bz74Zod",10453,10453,105,11,68.75,11,63.24,3,50
"R_1DUaSDiT948kH9A",10453,10453,105,6,37.5,-8,35.29,4,66.67
"R_tXa70vjSi9lHJmx",10453,10453,105,9,56.25,15,69.12,6,100
"R_3oF7VRhdK5ubn1F",10453,10453,105,16,100,14,67.65,3,50
"R_p02TaMW5i1F4Pux",10453,10453,105,8,50,25,83.82,0,0
"R_3nIA4wjJRdWmCcj",10453,10453,105,13,81.25,2,50,4,66.67
"R_3nHlSgpHTYvLVSw",10453,10453,105,10,62.5,13,66.18,5,83.33
"R_RDqxs6snHxx6ZiN",10453,10453,105,9,56.25,-26,8.82,5,83.33
"R_3PHNu9VOuWC8O7r",10453,10453,105,7,43.75,8,58.82,4,66.67
"R_Zh1VPOZeydTnbnH",10453,10453,105,11,68.75,4,52.94,3,50
"R_2vZDyQ2ziwvbHIy",10453,10453,105,14,87.5,-4,41.18,5,83.33
"R_2uE55u5HtwPjL6P",10453,10453,105,9,56.25,20,76.47,2,33.33
"R_111TnE6yXifnE2W",10453,10453,105,12,75,24,82.35,2,33.33
"R_1KrOYKt4pDPByAI",10453,10453,105,12,75,10,61.76,3,50
"R_3PaUBZdWw3K93Ju",10453,10453,105,11,68.75,14,67.65,3,50
"R_2BrGnkVL0bM0nmJ",10453,10453,105,14,87.5,2,50,3,50
"R_2wN7JLCQ8JChwR4",10453,10453,105,13,81.25,9,60.29,3,50
"R_1MKARmhuAl3xenf",10453,10453,105,16,100,10,61.76,6,100
"R_1j7Bg1IAp5EDmDq",10453,10453,105,16,100,12,64.71,5,83.33
"R_2P5Xfc4ilIJHv7I",10453,10453,105,12,75,12,64.71,5,83.33
"R_8cRwfUk2ZCZKLg5",10453,10453,105,11,68.75,5,54.41,5,83.33
"R_2Pi33kTkoh5q6cG",10453,10453,105,9,56.25,32,94.12,6,100
"R_cBivyjElhr82INz",10453,10453,105,15,93.75,10,61.76,5,83.33
"R_2dm9q7DmTAjIttg",10453,10453,105,10,62.5,12,64.71,3,50
"R_1pldT2TID5vcJ19",10453,10453,105,10,62.5,18,73.53,3,50
"R_2fJUdC40koSehK0",10453,10453,105,13,81.25,16,70.59,4,66.67
"R_23dIw7XF30RC2mV",10453,10453,105,15,93.75,14,67.65,3,50
"R_3qWBImkUmP18gGt",10453,10453,105,10,62.5,26,85.29,4,66.67
"R_2E47t2bRdlvVsyy",10453,10453,105,14,87.5,-15,25,5,83.33
"R_2SGlvso2s7yyFwU",10453,10453,105,13,81.25,8,58.82,4,66.67
"R_1KvSERIVch28rSk",10453,10453,105,15,93.75,2,50,2,33.33
"R_3McHL6Yb0teR8fr",10453,10453,105,11,68.75,-11,30.88,4,66.67
"R_1DS7lGBEaPw4LSc",10453,10453,105,15,93.75,16,70.59,3,50
"R_3Dubg2dz8602F1h",10453,10453,105,10,62.5,21,77.94,3,50
"R_2XmPd6n3G93zkfs",10454,10454,107,12,75,8,58.82,5,83.33
"R_324sp3cRIwADOxY",10455,10455,107,14,87.5,20,76.47,3,50
"R_116jsJUqL1nNS5l",10455,10455,107,11,68.75,24,82.35,3,50
"R_sdIZhkKi6oRMyM9",10455,10455,107,11,68.75,24,82.35,3,50
"R_2zFTWTnfE6A2gnP",10456,10456,106,16,100,10,61.76,3,50
"R_ZK4lpmwZHVoxBdL",10456,10456,106,11,68.75,-4,41.18,1,16.67
"R_1qgHxHYg1qeZl2J",10456,10456,106,6,37.5,-14,26.47,4,66.67
"R_1g1quC9XhI8kzKS",10457,10457,105,11,68.75,26,85.29,3,50
"R_cAsonX6uy9x2yiZ",10457,10457,105,16,100,-8,35.29,6,100
"R_25zn4G5zwHYjFNi",10457,10457,105,16,100,5,54.41,2,33.33
"R_1QAtwJRZy4ZSCXV",10458,10458,103,11,68.75,10,61.76,3,50
"R_1mws3j1hzuQUA76",10458,10458,103,9,56.25,8,58.82,5,83.33
"R_1JVZr4f3f2UXE88",10459,10459,107,11,68.75,2,50,3,50
"R_Wc8K0bTS0tc5SI9",10461,10461,104,6,37.5,28,88.24,3,50
"R_bgwXLZYB1wtCO9H",10462,10462,104,8,50,16,70.59,3,50
"R_2dpdumix6KOI79U",10462,10462,104,11,68.75,29,89.71,3,50
"R_2qdrLCsvHqjDXsM",10463,10463,101,9,56.25,22,79.41,5,83.33
"R_1dmCxdgd10xAX7z",10463,10463,101,11,68.75,2,50,6,100
"R_1LbQF7ATY2gWzyV",10464,10464,104,11,68.75,26,85.29,4,66.67
"R_3CBJHdZ5xRLzpOX",10466,10466,102,11,68.75,20,76.47,6,100
"R_21ynuwPr1RcI9Vo",10466,10466,102,7,43.75,20,76.47,4,66.67
"R_1q8x5YolwJR8Nzq",10467,10467,103,9,56.25,6,55.88,5,83.33
"R_T7NVVPuF78BQEVz",10467,10467,103,13,81.25,9,60.29,3,50
"R_1DAUiTWRzy7PCy7",10467,10467,103,10,62.5,20,76.47,3,50
"R_26fMwTK5OkgKp4d",10467,10467,103,10,62.5,8,58.82,2,33.33
"R_3HXG8uXtiS6jwjK",10467,10467,103,11,68.75,23,80.88,4,66.67
"R_1N5sIr8HSoZd8Fk",10468,10468,103,8,50,24,82.35,3,50
"R_1lABqJBTBG88y7k",10468,10468,103,12,75,4,52.94,3,50
"R_1Ow3p2I6i1EoDnQ",10469,10469,102,11,68.75,6,55.88,0,0
"R_22tTlf1uHcOVHYN",10469,10469,102,9,56.25,8,58.82,2,33.33
"R_3RgqWpbXacWhzaQ",10470,10470,103,8,50,13,66.18,4,66.67
"R_QnoK6z0QCX2eIsV",10472,10472,104,11,68.75,28,88.24,3,50
"R_Q0QMzlGa3PWVf0d",10472,10472,104,6,37.5,28,88.24,1,16.67
"R_3hGvvcJgO9QlCKV",10473,10473,104,16,100,15,69.12,2,33.33
"R_6oneH6n6EWEF2al",10473,10473,104,15,93.75,6,55.88,5,83.33
"R_1ILstQk8Xj6Hl7b",10473,10473,104,11,68.75,-8,35.29,3,50
"R_3EirHLzY7SJOIsZ",10473,10473,104,11,68.75,9,60.29,3,50
"R_Z4S8VzSumv8Fi1z",10473,10473,104,8,50,3,51.47,4,66.67
"R_3GDpXFGm0rEh8dv",10473,10473,104,16,100,10,61.76,6,100
"R_2xEEVWlRB6lkw27",10473,10473,104,11,68.75,-2,44.12,5,83.33
"R_eWYmzYRfzBmHWF3",10473,10473,104,14,87.5,17,72.06,3,50
"R_24NMVbeqCoEDC4h",10473,10473,104,4,25,19,75,4,66.67
"R_333Gy3ZKolqd2Dl",10473,10473,104,16,100,14,67.65,3,50
"R_1cS41pRd6grUz0u",10473,10473,104,9,56.25,24,82.35,4,66.67
"R_1erX4oR0YjaGgKd",10473,10473,104,16,100,12,64.71,5,83.33
"R_12KXJqWaZx5uF9n",10473,10473,104,13,81.25,12,64.71,6,100
"R_3fJfdFYXC8wC5Uu",10473,10473,104,8,50,19,75,5,83.33
"R_30xjTf5X7J0QMS8",10473,10473,104,10,62.5,-5,39.71,4,66.67
"R_1HnPJW0086BHpkT",10473,10473,104,11,68.75,28,88.24,3,50
"R_vP0AxgtoMU42Kzv",10473,10473,104,11,68.75,18,73.53,4,66.67
"R_2QEwfMong47biiN",10473,10473,104,16,100,1,48.53,3,50
"R_3NOiv4QgFU40LmQ",10473,10473,104,10,62.5,8,58.82,3,50
"R_vffe6f1IC4oznIl",10473,10473,104,16,100,20,76.47,6,100
"R_03dOZigqC0YU0kF",10473,10473,104,10,62.5,10,61.76,5,83.33
"R_3n8Z9h4x2wFKGcR",10473,10473,104,11,68.75,12,64.71,4,66.67
"R_1mWru2I2Pw8rjIl",10473,10473,104,16,100,-5,39.71,4,66.67
"R_122VBh160LfMSmw",10473,10473,104,10,62.5,3,51.47,4,66.67
"R_ykZglD2dg0QgEHT",10473,10473,104,10,62.5,28,88.24,4,66.67
"R_3g7xF4CDZwl8Q7D",10473,10473,104,11,68.75,4,52.94,4,66.67
"R_2cq1J1fWkHBFS3L",10473,10473,104,11,68.75,24,82.35,2,33.33
"R_2Sp3NemaNr9FygQ",10473,10473,104,6,37.5,15,69.12,6,100
"R_1Ip9tDoTZhco9Ut",10473,10473,104,5,31.25,-1,45.59,5,83.33
"R_2EFWrgkuORYByx8",10473,10473,104,16,100,1,48.53,3,50
"R_3hllDZGRGHRnHIU",10473,10473,104,12,75,10,61.76,4,66.67
"R_xo5qf006t0Hau1H",10473,10473,104,1,6.25,19,75,3,50
"R_2q1LNkG4H1DPgmQ",10473,10473,104,5,31.25,18,73.53,6,100
"R_1zi1ahbhFw1pXPP",10473,10473,104,14,87.5,15,69.12,3,50
"R_3q9kWGoJK8DVLSa",10473,10473,104,7,43.75,1,48.53,5,83.33
"R_3nN2NruIwhZAAqd",10473,10473,104,11,68.75,25,83.82,6,100
"R_3O7IfQvFn4R31OM",10473,10473,104,4,25,18,73.53,3,50
"R_vSJNWXbVP6EgGqd",10473,10473,104,11,68.75,16,70.59,4,66.67
"R_R2C3QWgw8zbDx7P",10473,10473,104,14,87.5,-13,27.94,6,100
"R_yClPJMH4GfkY0XT",10473,10473,104,14,87.5,-10,32.35,3,50
"R_1hLPG7NM7XD6sdy",10473,10473,104,11,68.75,-2,44.12,3,50
"R_3dDGO7FoHayPdq2",10473,10473,104,11,68.75,20,76.47,3,50
"R_2upsoMKxjuOXA28",10473,10473,104,8,50,26,85.29,6,100
"R_1eIxsaNUPJdGvai",10473,10473,104,13,81.25,2,50,4,66.67
"R_2EH8Uds8HhiRjEr",10473,10473,104,10,62.5,22,79.41,6,100
"R_57OWs3hjvW7a0KZ",10473,10473,104,11,68.75,8,58.82,6,100
"R_1pmWdnurRwFYFvS",10473,10473,104,11,68.75,8,58.82,3,50
"R_8BUgCMP34wvlOVz",10473,10473,104,11,68.75,0,47.06,3,50
"R_3Gdm6O9Acdfe3Sm",10473,10473,104,16,100,3,51.47,4,66.67
"R_2zApheAI5f9tveK",10473,10473,104,16,100,9,60.29,4,66.67
"R_1PYuA65A7Fhlxfi",10473,10473,104,16,100,6,55.88,6,100
"R_1jSUfaaqdE1c3WU",10473,10473,104,10,62.5,0,47.06,3,50
"R_3kbHuzglTGmmXkC",10473,10473,104,14,87.5,12,64.71,2,33.33
"R_2BzieCaEdNr0zck",10473,10473,104,5,31.25,9,60.29,4,66.67
"R_vYNd3Qgm6GxXfMJ",10473,10473,104,10,62.5,7,57.35,3,50
"R_1j6qrACaGPF81fG",10473,10473,104,11,68.75,17,72.06,3,50
"R_1GHORjAssebmRaX",10473,10473,104,13,81.25,14,67.65,5,83.33
"R_3iCDpxRMxhlw4dd",10473,10473,104,5,31.25,0,47.06,3,50
"R_oXIfbeLLqnYj14Z",10473,10473,104,15,93.75,11,63.24,6,100
"R_2Pnwf1azbYVLfsW",10473,10473,104,11,68.75,9,60.29,4,66.67
"R_2ALslmMk4QjwDtD",10473,10473,104,14,87.5,1,48.53,5,83.33
"R_2QhavO7LcN7bXx7",10473,10473,104,10,62.5,-16,23.53,5,83.33
"R_1PUgpyC5erqj5gn",10473,10473,104,7,43.75,0,47.06,1,16.67
"R_331HC0BAFGsBELO",10473,10473,104,13,81.25,8,58.82,5,83.33
"R_1hLsYkjPudThDtj",10473,10473,104,13,81.25,4,52.94,5,83.33
"R_WoLDZBz8OEDPPdT",10473,10473,104,10,62.5,30,91.18,3,50
"R_STRW3bHh5HUpFnP",10474,10474,107,10,62.5,6,55.88,4,66.67
"R_2VJjwW9peDTQEHk",10475,10475,102,8,50,1,48.53,2,33.33
"R_51MBXWGAVafiTpT",10475,10475,102,11,68.75,3,51.47,5,83.33
"R_SNqBraePn9yKBxv",10475,10475,102,4,25,11,63.24,2,33.33
"R_yqenkm3PqxoVRBv",11101,11101,401,5,31.25,-1,45.59,2,33.33
"R_Q4lTLcWhl89Yi3f",11101,11101,401,10,62.5,25,83.82,4,66.67
"R_zezjsbWr61HVFNT",11101,11101,401,11,68.75,6,55.88,5,83.33
"R_1jHSNMZl8ucerVU",11101,11101,401,11,68.75,20,76.47,5,83.33
"R_1IztInrPibFH8X6",11101,11101,401,7,43.75,4,52.94,6,100
"R_cUeBMK9B4ynyVVL",11101,11101,401,7,43.75,11,63.24,3,50
"R_3JjRGZesjcENebC",11101,11101,401,8,50,10,61.76,3,50
"R_1Fs3kvB5CHaAO4d",11101,11101,401,12,75,14,67.65,4,66.67
"R_1Lui8RFNFUCL5EC",11101,11101,401,14,87.5,-6,38.24,3,50
"R_1Cd68lDfEhOQQI9",11101,11101,401,5,31.25,7,57.35,2,33.33
"R_1gun72uZojNATEn",11101,11101,401,9,56.25,18,73.53,5,83.33
"R_3L6kFg0BnwZiCjq",11101,11101,401,7,43.75,-4,41.18,5,83.33
"R_2CJuwGyutXUuPyy",11101,11101,401,1,6.25,16,70.59,4,66.67
"R_Ah9OjMJ12gwixTX",11101,11101,401,11,68.75,10,61.76,3,50
"R_uqZ9otx0wRYbu13",11101,11101,401,15,93.75,1,48.53,5,83.33
"R_2o9I26pnUHTAG1H",11101,11101,401,10,62.5,14,67.65,4,66.67
"R_1dGOWcS0BkRBILA",11101,11101,401,3,18.75,-6,38.24,3,50
"R_1hMCCYF1Y0y2KIC",11101,11101,401,16,100,-14,26.47,5,83.33
"R_1Nt3LB4fY1qAPra",11101,11101,401,6,37.5,7,57.35,1,16.67
"R_2CU2pxuUwb7RQRg",11101,11101,401,13,81.25,0,47.06,3,50
"R_vIGNIWmfIEIJduN",11101,11101,401,10,62.5,0,47.06,6,100
"R_vYp4NLRMkfL99PX",11101,11101,401,7,43.75,-7,36.76,5,83.33
"R_z6WrvNw8EGEOn1T",11101,11101,401,11,68.75,-3,42.65,4,66.67
"R_Z4E20As7awNBpOp",11101,11101,401,1,6.25,14,67.65,4,66.67
"R_XNVyVAccAvAKJEJ",11101,11101,401,11,68.75,3,51.47,5,83.33
"R_3hgedQtNgLFo9cD",11101,11101,401,6,37.5,3,51.47,6,100
"R_3fOuWgfuVt9Q4pu",11101,11101,401,15,93.75,14,67.65,4,66.67
"R_1HjJiJkX9SuB62S",11101,11101,401,9,56.25,25,83.82,5,83.33
"R_3jugdIghPG5MM3T",11101,11101,401,8,50,31,92.65,4,66.67
"R_10CK8olh0NSRAPc",11101,11101,401,9,56.25,13,66.18,4,66.67
"R_3ssjCiYZXGA1GZS",11101,11101,401,11,68.75,6,55.88,6,100
"R_1isvhvN4j9Dhp9K",11101,11101,401,8,50,-1,45.59,3,50
"R_2SGP5nw7dxpn8LJ",11101,11101,401,5,31.25,7,57.35,0,0
"R_2PCocVe19Q0omek",11102,11102,401,11,68.75,0,47.06,4,66.67
"R_1lyQcqq6CdRoPrm",11103,11103,401,8,50,6,55.88,3,50
"R_2bKuoN7lGZseyJ0",11103,11103,401,0,0,12,64.71,5,83.33
"R_1fcFNKFElfwCQWQ",11104,11104,401,11,68.75,6,55.88,1,16.67
"R_6GbMYwUL0SqOmCB",11106,11106,401,16,100,8,58.82,5,83.33
"R_V3bHKLUH8qH11eN",11109,11109,401,13,81.25,24,82.35,1,16.67
"R_2ByBwMmm19qiy7M",11201,11201,202,5,31.25,27,86.76,3,50
"R_3KVZsgKjRiCoC1o",11203,11203,207,10,62.5,27,86.76,4,66.67
"R_2wayh9Z5LDWMaHK",11203,11203,207,11,68.75,-25,10.29,1,16.67
"R_2c17u1TBa8R1LEE",11203,11203,207,11,68.75,27,86.76,5,83.33
"R_SADddZNE67qRozf",11203,11203,207,13,81.25,-3,42.65,5,83.33
"R_1GB53VxxZBWVgev",11203,11203,207,7,43.75,5,54.41,4,66.67
"R_agjXJvpjwgseaqZ",11203,11203,207,13,81.25,8,58.82,4,66.67
"R_CaxOV5OtpRirbgd",11206,11206,211,11,68.75,2,50,5,83.33
"R_2PnWCMjkNLAwnIf",11206,11206,211,11,68.75,16,70.59,3,50
"R_SPsrEAobglKbN1n",11206,11206,211,11,68.75,8,58.82,3,50
"R_NVcunyTCkfoqtWN",11206,11206,211,16,100,10,61.76,6,100
"R_1geBndhPr8x7hGz",11206,11206,211,15,93.75,31,92.65,3,50
"R_2tGwVdzgKunK8sQ",11206,11206,211,16,100,-16,23.53,0,0
"R_AcEN9QSFtCtBoLn",11206,11206,211,8,50,19,75,4,66.67
"R_25YC4a1MWOVh9fg",11206,11206,211,10,62.5,13,66.18,3,50
"R_3dVXUfektOy2aRO",11206,11206,211,10,62.5,15,69.12,2,33.33
"R_2f41F8G2dKurRI2",11206,11206,211,11,68.75,-4,41.18,3,50
"R_2VwN9tjyMbVMmtg",11206,11206,211,13,81.25,-5,39.71,3,50
"R_UDZ0Li5RXDJcaY1",11206,11206,211,11,68.75,3,51.47,3,50
"R_2P71FDMBtDPaCns",11206,11206,211,5,31.25,17,72.06,4,66.67
"R_2uyokmcB36uxXCX",11206,11206,211,16,100,13,66.18,6,100
"R_2QzUc51ZyBWJjtQ",11206,11206,211,16,100,9,60.29,3,50
"R_3sgEn5hihI6RxDZ",11206,11206,211,16,100,21,77.94,3,50
"R_1LiMPIkwOd1ZG8Q",11206,11206,211,11,68.75,16,70.59,6,100
"R_2uU8I057sdZoRlb",11206,11206,211,5,31.25,-1,45.59,6,100
"R_xx5oXVOZrBa9wNH",11206,11206,211,13,81.25,24,82.35,2,33.33
"R_SJmML1Kq0ZlFWG5",11206,11206,211,10,62.5,-4,41.18,5,83.33
"R_3D888w7FqoCJ2IZ",11206,11206,211,11,68.75,12,64.71,2,33.33
"R_A02GswHMDgHAn7z",11206,11206,211,5,31.25,-7,36.76,6,100
"R_1ln1N10nHL0pJsY",11206,11206,211,16,100,23,80.88,3,50
"R_ZKMH6oWG5Qj5qSZ",11206,11206,211,10,62.5,27,86.76,3,50
"R_3dMTVQ4rVS1W338",11206,11206,211,11,68.75,26,85.29,5,83.33
"R_STbNSlStkoi1Ych",11206,11206,211,13,81.25,17,72.06,6,100
"R_1DNm2CPcNgThneS",11206,11206,211,10,62.5,14,67.65,4,66.67
"R_2VKpOOL0OjG26ZS",11206,11206,211,10,62.5,20,76.47,1,16.67
"R_OiXTyQ3Xn0SSPrX",11206,11206,211,14,87.5,18,73.53,2,33.33
"R_1jHhiDV6cveY9FT",11206,11206,211,13,81.25,-1,45.59,4,66.67
"R_1IRvWIKAAsszXtl",11206,11206,211,16,100,-10,32.35,6,100
"R_1fdaAEGThV9k0KN",11206,11206,211,13,81.25,8,58.82,5,83.33
"R_3JmAcy09wbbkx1I",11206,11206,211,6,37.5,17,72.06,3,50
"R_xE3snrlNhyHjj2x",11206,11206,211,16,100,9,60.29,3,50
"R_T6CF8CBEUE9Juk9",11206,11206,211,16,100,3,51.47,5,83.33
"R_vjXDwLSpi5NIXPH",11206,11206,211,5,31.25,15,69.12,3,50
"R_3Ldr3gYFJcpUcmf",11206,11206,211,4,25,1,48.53,4,66.67
"R_1LAp1Mp78iLxmyV",11206,11206,211,11,68.75,20,76.47,4,66.67
"R_z7mXkMOARfjc5hv",11206,11206,211,15,93.75,3,51.47,5,83.33
"R_3JLswMQobuXiOXC",11206,11206,211,15,93.75,-11,30.88,4,66.67
"R_31Hn8xrpgiEpkLq",11206,11206,211,11,68.75,10,61.76,3,50
"R_0NbBQ1E3QJhwFgd",11206,11206,211,7,43.75,8,58.82,0,0
"R_81R50ljLqMMTU9H",11206,11206,211,9,56.25,12,64.71,4,66.67
"R_24pdV7vjYupl0nm",11206,11206,211,11,68.75,0,47.06,4,66.67
"R_6R1VB63Kk9I9QT7",11206,11206,211,8,50,7,57.35,3,50
"R_1BPgLKjUa4i90Rd",11206,11206,211,13,81.25,29,89.71,3,50
"R_W9kxclOTO8WI2tP",11206,11206,211,14,87.5,3,51.47,5,83.33
"R_1M71Re22L91KN4X",11206,11206,211,10,62.5,24,82.35,5,83.33
"R_3g5ADrOv6wTvOOl",11206,11206,211,10,62.5,5,54.41,5,83.33
"R_2zIv34Fr7ar1zDC",11206,11206,211,16,100,27,86.76,3,50
"R_1M6D1Fcgqq3Lles",11206,11206,211,2,12.5,7,57.35,6,100
"R_3stAi7D8IeXa8qi",11206,11206,211,9,56.25,6,55.88,2,33.33
"R_xayOOc5O6gri17H",11206,11206,211,14,87.5,10,61.76,4,66.67
"R_2wmeDVo2ZdRYmUT",11206,11206,211,16,100,12,64.71,3,50
"R_3nNrWOoVZr8ZCr4",11206,11206,211,11,68.75,7,57.35,6,100
"R_3Eu9SttNFrNlu8o",11206,11206,211,10,62.5,6,55.88,4,66.67
"R_1mQIIYdKTZS8oVb",11206,11206,211,8,50,10,61.76,4,66.67
"R_1GB2f22ivy22fDq",11206,11206,211,11,68.75,8,58.82,5,83.33
"R_VLvyDJwPB3uIwBH",11206,11206,211,8,50,10,61.76,4,66.67
"R_RhiKdzVUtxh4J33",11206,11206,211,9,56.25,1,48.53,5,83.33
"R_21zkjU6voEsxltF",11206,11206,211,4,25,13,66.18,6,100
"R_1romdr3FePhUq68",11206,11206,211,11,68.75,10,61.76,5,83.33
"R_3RjFGvVa68onKHf",11206,11206,211,10,62.5,10,61.76,4,66.67
"R_uvLJ8mfH39UzX4l",11206,11206,211,5,31.25,-6,38.24,5,83.33
"R_1gw4vvyybwamjQD",11206,11206,211,13,81.25,12,64.71,3,50
"R_2XmM5hFdqwZRT7m",11206,11206,211,11,68.75,22,79.41,5,83.33
"R_1IfMTvKTdqOTPLp",11206,11206,211,11,68.75,14,67.65,3,50
"R_3GcTnq6RIUPSMcZ",11206,11206,211,12,75,3,51.47,4,66.67
"R_1FFFFEW8xKaSJFS",11206,11206,211,11,68.75,14,67.65,3,50
"R_2q4RCGRSxBaXP2s",11206,11206,211,6,37.5,19,75,4,66.67
"R_DvrQaph8BrrgxVv",11206,11206,211,5,31.25,11,63.24,5,83.33
"R_10MeX6PILPYPOwv",11206,11206,211,13,81.25,15,69.12,4,66.67
"R_2TAlBbHzy2CR1Wa",11206,11206,211,11,68.75,27,86.76,2,33.33
"R_1CEzZwRf50eQTmE",11206,11206,211,5,31.25,14,67.65,3,50
"R_1GNTRImz8S0b2K6",11206,11206,211,9,56.25,11,63.24,2,33.33
"R_d69HmrgF8HTXHS9",11207,11207,204,6,37.5,28,88.24,3,50
"R_1eS1dAVNeO8b3En",11207,11207,204,8,50,32,94.12,2,33.33
"R_1IEtGXYYXLjjAGA",11207,11207,204,9,56.25,12,64.71,3,50
"R_T0khiml8iO23LmF",11207,11207,204,8,50,-2,44.12,3,50
"R_3P3EFirkXqQS8KJ",11207,11207,204,11,68.75,21,77.94,3,50
"R_240M2IcGESCWVQc",11207,11207,204,7,43.75,13,66.18,5,83.33
"R_3Ia7CdK9TLuBNo7",11208,11208,204,16,100,4,52.94,4,66.67
"R_25ZrgCAF8eKFiUw",11208,11208,204,8,50,14,67.65,2,33.33
"R_2v5O2tg7qMZ6PuI",11208,11208,204,11,68.75,15,69.12,5,83.33
"R_1DouVpgZJ9NLHps",11209,11209,209,11,68.75,12,64.71,3,50
"R_DAGOjeGqNsGqPxD",11209,11209,209,4,25,6,55.88,4,66.67
"R_3ManUcvTA4jpag9",11209,11209,209,3,18.75,8,58.82,3,50
"R_3pAAVwfaBdBboY1",11209,11209,209,7,43.75,0,47.06,5,83.33
"R_p5WOGm2vvHeaeVb",11209,11209,209,10,62.5,11,63.24,3,50
"R_299UAIIFfxnPL4V",11209,11209,209,7,43.75,23,80.88,1,16.67
"R_26fG8Dk1HewQwso",11210,11210,207,8,50,9,60.29,6,100
"R_3OdJGIKhshtWpIT",11210,11210,207,10,62.5,-16,23.53,5,83.33
"R_2PnxXN4otM2YJRk",11210,11210,207,8,50,-2,44.12,1,16.67
"R_110dNr5YUosmacM",11212,11212,203,7,43.75,-19,19.12,6,100
"R_CmilQu95T8j8Gjf",11212,11212,203,11,68.75,-5,39.71,3,50
"R_3NKYq0L16m7wzbM",11213,11213,203,13,81.25,12,64.71,5,83.33
"R_2qxhGt39SN9FVJA",11213,11213,203,9,56.25,4,52.94,4,66.67
"R_3hmOAIbHCAjoeoe",11215,11215,202,13,81.25,10,61.76,6,100
"R_2P80p39c5fCeAEj",11216,11216,203,13,81.25,19,75,5,83.33
"R_XUqfC60O2br7izD",11216,11216,203,11,68.75,20,76.47,4,66.67
"R_3j2PQJKBVxZXCKt",11216,11216,203,11,68.75,16,70.59,3,50
"R_0SZFpfpC6O5HFjb",11217,11217,202,10,62.5,26,85.29,6,100
"R_2QJSuXrA5GOiI7I",11217,11217,202,7,43.75,17,72.06,4,66.67
"R_RekNgcqZMMBHLX3",11217,11217,202,16,100,32,94.12,6,100
"R_10C1pfKQPbC7CSZ",11217,11217,202,16,100,18,73.53,6,100
"R_3isvbZLgF86OqlS",11218,11218,206,11,68.75,6,55.88,5,83.33
"R_1DCMdeGo0127i06",11218,11218,206,10,62.5,-15,25,3,50
"R_b1NGURrjgMrZyzT",11220,11220,205,4,25,21,77.94,3,50
"R_1Xq9kX4zsWLrSCt",11220,11220,205,16,100,16,70.59,3,50
"R_3dVUQhF334zZr8K",11220,11220,205,11,68.75,6,55.88,5,83.33
"R_1oyVo4N6k02rcUe",11220,11220,205,7,43.75,10,61.76,3,50
"R_3HLGEcSodSPVDjp",11220,11220,205,11,68.75,12,64.71,3,50
"R_2vhTEJEqT4osVJO",11220,11220,205,11,68.75,16,70.59,3,50
"R_1LRMfeGtkNImC4u",11220,11220,205,10,62.5,0,47.06,4,66.67
"R_3M51SdYPau0wXLt",11220,11220,205,1,6.25,22,79.41,3,50
"R_1ochtQqz17TWjoE",11220,11220,205,7,43.75,23,80.88,6,100
"R_2Y8Ko9PMsjR9JNL",11220,11220,205,12,75,15,69.12,3,50
"R_1ddb3dr1AjbHpzj",11220,11220,205,7,43.75,13,66.18,5,83.33
"R_2y25rECo9Bm363q",11220,11220,205,8,50,2,50,5,83.33
"R_z7rFGuQ5NktSL1D",11220,11220,205,11,68.75,-8,35.29,3,50
"R_3MyBP6UQVJkPCcJ",11220,11220,205,9,56.25,10,61.76,5,83.33
"R_1LaUM8jaNIoevG9",11220,11220,205,8,50,10,61.76,2,33.33
"R_6PAVgPjsWEDbcMp",11220,11220,205,9,56.25,-4,41.18,2,33.33
"R_1l3sDKzaKRUMPuK",11220,11220,205,11,68.75,14,67.65,2,33.33
"R_334qRYnQGmQEeyA",11220,11220,205,5,31.25,29,89.71,2,33.33
"R_2cC1my9uLFsto1x",11220,11220,205,16,100,23,80.88,4,66.67
"R_udMz6QXoOyuASQh",11220,11220,205,11,68.75,22,79.41,6,100
"R_246Oz2iNiyKmeIS",11220,11220,205,3,18.75,10,61.76,4,66.67
"R_UKh5SDnDZIQmIcp",11220,11220,205,7,43.75,-2,44.12,4,66.67
"R_2c6kx6xW9EAyN8s",11220,11220,205,6,37.5,26,85.29,3,50
"R_0wvGeSIZj1tFudX",11220,11220,205,11,68.75,8,58.82,3,50
"R_2duzA847WauCOUc",11220,11220,205,10,62.5,18,73.53,3,50
"R_26fIXERJLcFHH52",11220,11220,205,11,68.75,26,85.29,3,50
"R_WoL4HfdHFKRZlUR",11220,11220,205,3,18.75,9,60.29,5,83.33
"R_2R9ONEBNzQ3RHRY",11220,11220,205,15,93.75,6,55.88,2,33.33
"R_1hWtTJzxJKoJRuw",11220,11220,205,7,43.75,19,75,3,50
"R_xyJMbNfI2avc2nn",11220,11220,205,8,50,6,55.88,5,83.33
"R_3Rg541d9iwwkvJP",11220,11220,205,2,12.5,12,64.71,4,66.67
"R_3QSko4Eg0PzqVrs",11220,11220,205,12,75,2,50,5,83.33
"R_pS1TJ7KdjQ2wHcd",11220,11220,205,13,81.25,2,50,3,50
"R_3lAIGOfnUPASoyl",11220,11220,205,11,68.75,14,67.65,6,100
"R_2SHmlRckyYzKeSr",11220,11220,205,12,75,21,77.94,5,83.33
"R_3iz2nD54ZQKd3S0",11220,11220,205,10,62.5,30,91.18,3,50
"R_UYdf6ljfk0vKIV3",11220,11220,205,7,43.75,6,55.88,5,83.33
"R_yPZ8IwWiayYOIut",11220,11220,205,12,75,-19,19.12,3,50
"R_SJpIuZC8rkStB97",11220,11220,205,13,81.25,25,83.82,3,50
"R_aYuLOU7rEMJw2pr",11220,11220,205,8,50,28,88.24,5,83.33
"R_2dXg1yd4iE2gTRz",11220,11220,205,11,68.75,12,64.71,2,33.33
"R_27qBGh22uC6DBi4",11220,11220,205,9,56.25,13,66.18,2,33.33
"R_3e4BDPNhiK4ARPB",11220,11220,205,7,43.75,28,88.24,5,83.33
"R_21v01c6I3GZwQAl",11220,11220,205,11,68.75,1,48.53,5,83.33
"R_2uETlceatrlt6eV",11220,11220,205,11,68.75,22,79.41,4,66.67
"R_1NmNl0jkHaWkkcs",11220,11220,205,11,68.75,10,61.76,1,16.67
"R_3CWuvBcTmzMVHl9",11220,11220,205,10,62.5,-21,16.18,6,100
"R_3Jw4IXYyoA5PsUV",11220,11220,205,3,18.75,4,52.94,3,50
"R_3IXH45t7m5mhmSE",11220,11220,205,5,31.25,6,55.88,4,66.67
"R_11XveO4jhyQ7psw",11220,11220,205,9,56.25,0,47.06,5,83.33
"R_PTcsF8zc4mLX2O5",11220,11220,205,9,56.25,16,70.59,6,100
"R_12QO0TFVEUOUOu9",11220,11220,205,11,68.75,-3,42.65,3,50
"R_Td2YJMyB1iiINXP",11220,11220,205,5,31.25,14,67.65,5,83.33
"R_3QJmzbBdM22qLsa",11220,11220,205,10,62.5,14,67.65,4,66.67
"R_123Avj65hNXhEEU",11220,11220,205,10,62.5,2,50,4,66.67
"R_2qkNCjkeGvQDPxN",11220,11220,205,13,81.25,11,63.24,4,66.67
"R_bOfzD4baMuuvxMR",11220,11220,205,12,75,23,80.88,2,33.33
"R_3q8SdU0mvrrXKOH",11221,11221,211,11,68.75,20,76.47,5,83.33
"R_128TzfXaKjD8Vgj",11221,11221,211,12,75,-1,45.59,3,50
"R_2xPqPOMbSUrhO1y",11221,11221,211,14,87.5,2,50,5,83.33
"R_3fHO9vMi5v2Jy1E",11222,11222,201,14,87.5,-12,29.41,4,66.67
"R_eW3tL3lmGPjrYl3",11223,11223,210,8,50,15,69.12,3,50
"R_32UPcvem08DwMFh",11223,11223,210,11,68.75,8,58.82,3,50
"R_3qr4td06HNgOXaO",11224,11224,210,11,68.75,19,75,4,66.67
"R_8Gp7qu70UNqnWwh",11225,11225,207,11,68.75,31,92.65,5,83.33
"R_3R4lvUvjbwswaBh",11225,11225,207,6,37.5,16,70.59,0,0
"R_WdKZtpXdAdiPesp",11225,11225,207,11,68.75,-18,20.59,2,33.33
"R_1q3vhsmRooumR6e",11225,11225,207,16,100,28,88.24,4,66.67
"R_3Nx5DmrN9TF1bTn",11226,11226,207,14,87.5,25,83.82,5,83.33
"R_3KH34hrR3zNPW2V",11226,11226,207,10,62.5,9,60.29,3,50
"R_T0Cv5WPQvOZUQ8N",11226,11226,207,10,62.5,-4,41.18,3,50
"R_yxr7e2VkSPKI5QR",11226,11226,207,11,68.75,12,64.71,3,50
"R_bvaiNVzyjMLgqwF",11226,11226,207,10,62.5,0,47.06,3,50
"R_3gSoYz96ysXN7tU",11226,11226,207,11,68.75,23,80.88,4,66.67
"R_3jUxfUkbL7ttG25",11226,11226,207,16,100,14,67.65,6,100
"R_p4uZq9QrpjeJRjX",11226,11226,207,7,43.75,6,55.88,4,66.67
"R_3OitLwsKDTrqcnN",11226,11226,207,4,25,3,51.47,5,83.33
"R_1IDWjF6620tMk3I",11226,11226,207,10,62.5,10,61.76,3,50
"R_2uQl71GnYj84h7J",11226,11226,207,6,37.5,9,60.29,3,50
"R_OpdGXcqkbRYXnJT",11226,11226,207,16,100,11,63.24,4,66.67
"R_27qCQZAPoUJvemW",11226,11226,207,14,87.5,25,83.82,5,83.33
"R_3hsFYKO9vv0QMMf",11226,11226,207,11,68.75,8,58.82,3,50
"R_2tlpzvNv7s0GG92",11226,11226,207,11,68.75,13,66.18,6,100
"R_0ka3d96ZDGJDKOl",11226,11226,207,12,75,20,76.47,4,66.67
"R_TdQsbD5Sr87HERP",11226,11226,207,11,68.75,17,72.06,3,50
"R_beyAcVjZn1EJOz7",11226,11226,207,11,68.75,-10,32.35,1,16.67
"R_DHtg2r3YPkyX83v",11226,11226,207,16,100,13,66.18,3,50
"R_3J30uKz1oB2Qrpz",11226,11226,207,9,56.25,0,47.06,3,50
"R_2SctJfZjsJG8xUd",11226,11226,207,13,81.25,16,70.59,4,66.67
"R_tXad2Ac7bAge3lf",11226,11226,207,7,43.75,-11,30.88,3,50
"R_3nJxGTesogvRn4f",11226,11226,207,16,100,30,91.18,4,66.67
"R_1dbLkeHpgWF1zAY",11226,11226,207,13,81.25,1,48.53,3,50
"R_2uqRupvge6GaE6s",11226,11226,207,16,100,10,61.76,5,83.33
"R_3EWJWcItyusj4Um",11226,11226,207,6,37.5,6,55.88,3,50
"R_3rYcbOB4NspNb6O",11226,11226,207,11,68.75,28,88.24,6,100
"R_2rGcLhiu9S3tMfu",11226,11226,207,8,50,17,72.06,4,66.67
"R_pyErTIkIoh9nrup",11226,11226,207,15,93.75,10,61.76,2,33.33
"R_2Pbfu6Osu6cuGOS",11226,11226,207,15,93.75,2,50,3,50
"R_vxeDbbY0nuU3hMR",11226,11226,207,13,81.25,0,47.06,3,50
"R_1OH8PYp8E9LiHq8",11226,11226,207,11,68.75,15,69.12,3,50
"R_2fp4sm5N4Oi9rFN",11226,11226,207,11,68.75,-9,33.82,6,100
"R_3hluxjNN75jUUH7",11226,11226,207,11,68.75,7,57.35,4,66.67
"R_2ckf17s9LyfcEbY",11226,11226,207,11,68.75,27,86.76,6,100
"R_1MXRukxMQUSqTxf",11226,11226,207,8,50,8,58.82,5,83.33
"R_3RqgQdG5QjXT7H5",11226,11226,207,10,62.5,16,70.59,1,16.67
"R_2uHDuAxOrNfKOdx",11226,11226,207,15,93.75,14,67.65,4,66.67
"R_1kUiyNfFQV58hUB",11226,11226,207,12,75,2,50,3,50
"R_cHiKwKkhJfMaFX3",11226,11226,207,5,31.25,12,64.71,2,33.33
"R_1hGc2c0Hfw1lr1f",11226,11226,207,11,68.75,26,85.29,4,66.67
"R_3fQ3ue27D86kBJw",11226,11226,207,7,43.75,14,67.65,4,66.67
"R_1FggAuBFubVg83W",11226,11226,207,8,50,21,77.94,5,83.33
"R_8i6iYpW0GUniSpX",11226,11226,207,16,100,24,82.35,3,50
"R_3GctS3xTbUy3ZaI",11226,11226,207,11,68.75,10,61.76,2,33.33
"R_2rVz86VIWXnFzzP",11226,11226,207,14,87.5,9,60.29,3,50
"R_2q4twyuKFBCYOQi",11226,11226,207,13,81.25,-5,39.71,2,33.33
"R_2XhqydCM3AvtlJx",11226,11226,207,15,93.75,23,80.88,5,83.33
"R_2YQj8GS6KMKyja6",11226,11226,207,11,68.75,29,89.71,6,100
"R_YSskgMDdxuUxMyd",11226,11226,207,16,100,14,67.65,5,83.33
"R_2c8IjOXv8tZ1sMs",11226,11226,207,16,100,11,63.24,3,50
"R_2VR98KZV0mEFsr3",11226,11226,207,7,43.75,-4,41.18,3,50
"R_2b1THk76A4knGvu",11226,11226,207,10,62.5,-19,19.12,6,100
"R_3D5h8bd9uHSES6r",11226,11226,207,13,81.25,-6,38.24,3,50
"R_1DLHMi2dgq4zS08",11226,11226,207,6,37.5,14,67.65,6,100
"R_21I0l5jKz1I3fAR",11226,11226,207,11,68.75,0,47.06,3,50
"R_2TphnNj0eczh4k2",11226,11226,207,9,56.25,18,73.53,3,50
"R_cD6dY8xhFYGteSZ",11226,11226,207,11,68.75,14,67.65,4,66.67
"R_1OVkf6RSzIQMSLu",11226,11226,207,16,100,16,70.59,6,100
"R_27wfk0kHvV3a55e",11226,11226,207,9,56.25,18,73.53,3,50
"R_1E6FdnDxoTdIUmR",11226,11226,207,4,25,12,64.71,3,50
"R_1kNs2TzgEf2Yjv1",11226,11226,207,4,25,6,55.88,4,66.67
"R_3eq0UpBVG7aM9dg",11226,11226,207,13,81.25,22,79.41,5,83.33
"R_0fF6nFXyIQNBQSR",11226,11226,207,10,62.5,25,83.82,5,83.33
"R_OKfGbnLZUczGMAF",11226,11226,207,16,100,4,52.94,3,50
"R_2D0HoL0ez2xVYGW",11226,11226,207,14,87.5,27,86.76,5,83.33
"R_2qauUZiRiBtlSGn",11226,11226,207,13,81.25,11,63.24,5,83.33
"R_1eEqKmtvMjz5S1a",11226,11226,207,7,43.75,28,88.24,2,33.33
"R_3hF0Y2xIeWgYxbB",11226,11226,207,8,50,8,58.82,4,66.67
"R_24A6IiGJDaQuAis",11226,11226,207,11,68.75,26,85.29,4,66.67
"R_1INkFULPLMJjjIm",11226,11226,207,10,62.5,15,69.12,4,66.67
"R_1k1SMjTZMlW5AGz",11226,11226,207,13,81.25,24,82.35,4,66.67
"R_1js5VWCv6sbInmz",11226,11226,207,10,62.5,11,63.24,3,50
"R_3O7VoPANiinug4i",11226,11226,207,12,75,0,47.06,2,33.33
"R_cw2hqGXo10N32WR",11226,11226,207,6,37.5,12,64.71,3,50
"R_2wLiLG0otMPtSVX",11226,11226,207,7,43.75,1,48.53,3,50
"R_3fvFKR4jSrLeNCU",11226,11226,207,10,62.5,-1,45.59,4,66.67
"R_2Y4l62UfCZeNcBv",11226,11226,207,8,50,6,55.88,3,50
"R_OCEnfuy9HGGrVV7",11226,11226,207,9,56.25,-2,44.12,5,83.33
"R_2wMEILbAKyg0UyS",11226,11226,207,10,62.5,8,58.82,5,83.33
"R_3hi4ypoJusxdw77",11226,11226,207,11,68.75,15,69.12,2,33.33
"R_RWtz8LwVG74kUg1",11226,11226,207,8,50,27,86.76,4,66.67
"R_31afE9Ls4otewQy",11226,11226,207,14,87.5,12,64.71,3,50
"R_25uvxVntGFlnW9S",11226,11226,207,12,75,-14,26.47,3,50
"R_3PhPIMGRDmoTP96",11226,11226,207,12,75,1,48.53,4,66.67
"R_xz9UPJsKLkoxhzb",11226,11226,207,6,37.5,0,47.06,4,66.67
"R_26nZNVgwDYU2K4p",11226,11226,207,13,81.25,15,69.12,3,50
"R_2TWQqVEWZltCqr5",11226,11226,207,8,50,14,67.65,5,83.33
"R_8kS5rj77F8UgTg5",11226,11226,207,11,68.75,24,82.35,3,50
"R_6WjBajBZvJVqJyN",11226,11226,207,11,68.75,11,63.24,4,66.67
"R_3pcoSteuZuebUG2",11226,11226,207,11,68.75,1,48.53,3,50
"R_1lizr0M9rvCIPL4",11226,11226,207,5,31.25,23,80.88,5,83.33
"R_1d4x8Dyify3EQX8",11228,11228,209,10,62.5,0,47.06,4,66.67
"R_2wTVgpK4hrxte7k",11228,11228,209,13,81.25,4,52.94,3,50
"R_5oiPaaPXXMaDvKV",11229,11229,210,11,68.75,21,77.94,1,16.67
"R_T8fVSWHOvW88S7T",11229,11229,210,13,81.25,-1,45.59,6,100
"R_1IFW41x8wppb8hI",11230,11230,206,9,56.25,20,76.47,2,33.33
"R_cMbKOr2zYVRvytX",11231,11231,202,13,81.25,35,98.53,4,66.67
"R_1pQm0Hiba6aDrRZ",11231,11231,202,14,87.5,26,85.29,3,50
"R_6tUuxYTGSf4jCaR",11232,11232,205,9,56.25,24,82.35,3,50
"R_31A7BM2Kt8QlAnZ",11234,11234,208,5,31.25,-15,25,2,33.33
"R_3MSyfKG0UDU11Fp",11234,11234,208,10,62.5,6,55.88,5,83.33
"R_uqe9f6nKlu4XeyB",11234,11234,208,9,56.25,16,70.59,4,66.67
"R_3nw35xphOIIEGOo",11234,11234,208,11,68.75,10,61.76,4,66.67
"R_1rNxGAaeB6DB9lJ",11234,11234,208,6,37.5,11,63.24,2,33.33
"R_3EcHA1iLGa3QU87",11234,11234,208,11,68.75,10,61.76,6,100
"R_2q33TslsUpwYmdc",11234,11234,208,8,50,17,72.06,3,50
"R_r8x3dFmY61bC62d",11234,11234,208,12,75,16,70.59,3,50
"R_3Jgaa3m3GYOHUyS",11234,11234,208,13,81.25,17,72.06,5,83.33
"R_1mODdiN44OODwVN",11234,11234,208,13,81.25,-8,35.29,3,50
"R_1nZ5iO7kgz4NqBC",11234,11234,208,16,100,16,70.59,5,83.33
"R_3LgObVPeoKAYkwR",11234,11234,208,10,62.5,17,72.06,6,100
"R_W1IKBABCUxbWo9P",11234,11234,208,8,50,14,67.65,4,66.67
"R_2U2XjMqLWiVakG6",11234,11234,208,13,81.25,19,75,3,50
"R_3fdSyh1QFtEABKk",11234,11234,208,11,68.75,11,63.24,4,66.67
"R_2rO46kuRMPUV9KM",11234,11234,208,8,50,6,55.88,5,83.33
"R_1Lp3lD2rdEQzjaI",11234,11234,208,13,81.25,-4,41.18,6,100
"R_CdUEfZXhDNDVGkV",11234,11234,208,8,50,12,64.71,5,83.33
"R_2bK647OxkfOU15m",11234,11234,208,10,62.5,-7,36.76,3,50
"R_27CJXihxMb01yMg",11234,11234,208,8,50,5,54.41,5,83.33
"R_28RJpoU1yaBZdUq",11234,11234,208,13,81.25,27,86.76,5,83.33
"R_22JI1VucIhWrRNE",11234,11234,208,14,87.5,14,67.65,4,66.67
"R_rdSbMdAhltkwIuJ",11234,11234,208,11,68.75,8,58.82,3,50
"R_2xRfUj03DFr3epg",11234,11234,208,15,93.75,-1,45.59,3,50
"R_217hab5dxw0VFYI",11234,11234,208,12,75,11,63.24,5,83.33
"R_2aaf6KahPgHIvBJ",11234,11234,208,13,81.25,24,82.35,4,66.67
"R_C8sVUBFVEgOKZCF",11234,11234,208,15,93.75,-6,38.24,1,16.67
"R_1mIWa5XeMq2TOn0",11234,11234,208,14,87.5,8,58.82,3,50
"R_25F02ah2c9ebXZl",11234,11234,208,11,68.75,-10,32.35,2,33.33
"R_1rjDqOMKVpG5cfM",11234,11234,208,13,81.25,20,76.47,6,100
"R_9ppzNADuerHN1xT",11234,11234,208,5,31.25,3,51.47,5,83.33
"R_PIEwU8UZqDcmAnL",11234,11234,208,14,87.5,9,60.29,4,66.67
"R_cBhOFOLApMqJwqZ",11234,11234,208,11,68.75,8,58.82,6,100
"R_33Cgzhdb1Verh21",11234,11234,208,12,75,-2,44.12,5,83.33
"R_33kz2NBIrySq4B0",11234,11234,208,7,43.75,21,77.94,2,33.33
"R_2zeZW5bePJjrmck",11234,11234,208,11,68.75,9,60.29,4,66.67
"R_333UnygoY9ZTfrm",11234,11234,208,7,43.75,25,83.82,2,33.33
"R_2OMFUtqvijQZShM",11234,11234,208,9,56.25,15,69.12,3,50
"R_3m80V0ciKHE0DRK",11234,11234,208,14,87.5,10,61.76,5,83.33
"R_O9j2n6RAVJp6KUV",11234,11234,208,16,100,16,70.59,6,100
"R_sw1cB55stVEGAHT",11234,11234,208,6,37.5,12,64.71,0,0
"R_3CCJQgC12Hwcub7",11234,11234,208,11,68.75,16,70.59,4,66.67
"R_1IKrzDIYzH9p2Zg",11234,11234,208,7,43.75,-1,45.59,4,66.67
"R_2uDuuNsjSM7myAT",11234,11234,208,15,93.75,2,50,3,50
"R_3Rf10FliW7nQ2rc",11234,11234,208,4,25,16,70.59,6,100
"R_3MJTfnaBf3oBrjz",11234,11234,208,7,43.75,-4,41.18,4,66.67
"R_2Y9PBaBjpycofNG",11234,11234,208,8,50,12,64.71,2,33.33
"R_1dH0COwvLHWHB3J",11234,11234,208,12,75,-12,29.41,5,83.33
"R_3NJtPAqG4b2DScp",11234,11234,208,11,68.75,14,67.65,4,66.67
"R_9FGOexCsxcWJB85",11234,11234,208,9,56.25,16,70.59,4,66.67
"R_3EJNGC5AhHFyWU4",11234,11234,208,13,81.25,14,67.65,3,50
"R_2uvnE1q5pKuPn4v",11234,11234,208,13,81.25,2,50,2,33.33
"R_3r0ex9DKuABRmV6",11234,11234,208,9,56.25,21,77.94,2,33.33
"R_3lypxX1F162gOls",11234,11234,208,12,75,18,73.53,5,83.33
"R_3h6JUkpmWbLCZmE",11234,11234,208,13,81.25,-4,41.18,5,83.33
"R_PZBFNnxITK2bpGF",11234,11234,208,11,68.75,10,61.76,6,100
"R_PwIK79RIwPpXm7v",11234,11234,208,12,75,3,51.47,3,50
"R_3qq9p7LXUmfHEOr",11234,11234,208,6,37.5,20,76.47,1,16.67
"R_3HqAgQUKzs4zU0x",11234,11234,208,7,43.75,12,64.71,3,50
"R_R838SLTHAoaF3aN",11234,11234,208,16,100,18,73.53,2,33.33
"R_eKT7wvCQb5cU6WZ",11234,11234,208,13,81.25,10,61.76,4,66.67
"R_3dS9CJYh8G1hFuZ",11234,11234,208,15,93.75,10,61.76,6,100
"R_Zk33tWUYV0Z9QwF",11234,11234,208,11,68.75,15,69.12,4,66.67
"R_2wbnv6h7a5GxO0B",11234,11234,208,9,56.25,18,73.53,4,66.67
"R_Wc9VEDqPmfChIwp",11234,11234,208,6,37.5,10,61.76,3,50
"R_3IQPzF77NlOv6C6",11234,11234,208,9,56.25,18,73.53,3,50
"R_1Fm4tzC4awssz8W",11234,11234,208,12,75,3,51.47,3,50
"R_1pu4xw6tHErbLJT",11234,11234,208,16,100,12,64.71,5,83.33
"R_8qRLvQaSc9Fw04p",11234,11234,208,11,68.75,2,50,4,66.67
"R_1KpOh5DZQR88tul",11234,11234,208,10,62.5,-2,44.12,5,83.33
"R_2415ZF7ZyPGoxuN",11234,11234,208,16,100,14,67.65,4,66.67
"R_29ivxyk4FCisobr",11234,11234,208,10,62.5,5,54.41,5,83.33
"R_2dzt0GEYExHEbcl",11234,11234,208,11,68.75,18,73.53,3,50
"R_3DqqIwn24J1mUM8",11234,11234,208,11,68.75,4,52.94,3,50
"R_PSpX0Wo1NkTgtwt",11234,11234,208,8,50,16,70.59,4,66.67
"R_u8GHc2ly6dQniEx",11234,11234,208,6,37.5,10,61.76,5,83.33
"R_80lVNDP5FoaN2nf",11234,11234,208,13,81.25,11,63.24,4,66.67
"R_2QEVd6lernbI1dM",11234,11234,208,11,68.75,27,86.76,5,83.33
"R_1MMAwn8FPHP0INS",11234,11234,208,9,56.25,15,69.12,3,50
"R_2tul0RenZWd2kKN",11234,11234,208,16,100,10,61.76,3,50
"R_3R3NJR7DUYKKEOA",11234,11234,208,8,50,9,60.29,2,33.33
"R_3ejZfnA27DEbJtH",11234,11234,208,12,75,6,55.88,3,50
"R_3qVwuUdZ00Z8hur",11234,11234,208,5,31.25,16,70.59,6,100
"R_2SH4ZAh1gL1sA01",11234,11234,208,8,50,14,67.65,4,66.67
"R_1H2kElkgbtiiFLL",11234,11234,208,10,62.5,9,60.29,4,66.67
"R_1rBzbpsDNy1SD5G",11234,11234,208,10,62.5,-3,42.65,5,83.33
"R_3lt2g4tet1WE8uy",11234,11234,208,10,62.5,16,70.59,4,66.67
"R_r9fk4L6EqdPENRn",11234,11234,208,13,81.25,20,76.47,2,33.33
"R_2tnXvt0i1G5aKZ3",11234,11234,208,9,56.25,12,64.71,2,33.33
"R_3jZsnf7l4h6FTp7",11234,11234,208,10,62.5,14,67.65,3,50
"R_1LGmZMxTc9th7gf",11234,11234,208,16,100,10,61.76,4,66.67
"R_2PcGLnILZojwQPl",11234,11234,208,6,37.5,-10,32.35,4,66.67
"R_2z70McjBa7vVPUM",11234,11234,208,9,56.25,14,67.65,4,66.67
"R_1kSThr1LKEnkY4Z",11234,11234,208,15,93.75,10,61.76,3,50
"R_2DSyenyLrMkFoyx",11234,11234,208,7,43.75,16,70.59,2,33.33
"R_20tAGPiBUrfRcAN",11234,11234,208,11,68.75,9,60.29,6,100
"R_vDD0CACZrR0TTbj",11234,11234,208,11,68.75,4,52.94,6,100
"R_2zD4Gvj8TpjTUYa",11234,11234,208,16,100,16,70.59,5,83.33
"R_2Yn4WEp7kXxQgDm",11234,11234,208,15,93.75,10,61.76,5,83.33
"R_1LpLad2qibkK465",11235,11235,210,3,18.75,10,61.76,3,50
"R_1zQa0sNkAyazUXf",11235,11235,210,7,43.75,-11,30.88,2,33.33
"R_WDJm2JEXqhH4HXr",11236,11236,208,16,100,20,76.47,6,100
"R_3iO0xidoChjVP12",11236,11236,208,10,62.5,1,48.53,4,66.67
"R_2rvWSzXsvbLrrdc",11236,11236,208,8,50,20,76.47,6,100
"R_1QKhgKlauBISgR0",11236,11236,208,16,100,5,54.41,6,100
"R_82GsPW151ikcfAJ",11236,11236,208,9,56.25,0,47.06,3,50
"R_1MSQ8FFC6BOm1b8",11236,11236,208,11,68.75,10,61.76,3,50
"R_3gUBaHRYibbVr8l",11237,11237,211,9,56.25,2,50,6,100
"R_bkib1DkVJN6NHm9",11238,11238,203,12,75,18,73.53,4,66.67
"R_2WvCewejHHwr7pT",11238,11238,203,16,100,3,51.47,4,66.67
"R_A6aki09GwBTy6Up",11238,11238,203,10,62.5,21,77.94,3,50
"R_2QEeRxbp8otK7M7",11239,11239,208,7,43.75,25,83.82,5,83.33
"R_AmS1Y9XerPsx3i1",11239,11239,208,16,100,27,86.76,5,83.33
"R_3Gd0ryI8dLFPgLJ",11351,11351,403,7,43.75,7,57.35,3,50
"R_3FOtENDZf64CSwM",11367,11367,406,14,87.5,-13,27.94,4,66.67
"R_1QuOp3zBoctNGJn",11373,11373,402,11,68.75,5,54.41,5,83.33
"R_yNFZe5ov1VCjBDj",11373,11373,402,4,25,9,60.29,3,50
"R_3PuBIv4x6v7ouMK",11374,11374,405,8,50,14,67.65,3,50
"R_5hVJJQenwUYCz7P",11374,11374,405,11,68.75,-3,42.65,3,50
"R_2S66Zam21BOVGv5",11375,11375,405,12,75,11,63.24,1,16.67
"R_1KxPBcFbnvGSRez",11375,11375,405,5,31.25,14,67.65,6,100
"R_3GexKjGOE2NnUq4",11375,11375,405,11,68.75,23,80.88,6,100
"R_1pRJhANptwonKva",11375,11375,405,11,68.75,14,67.65,3,50
"R_2QxjaoPOL0fGsH6",11375,11375,405,8,50,6,55.88,4,66.67
"R_UEdaaaydYyB7D2h",11375,11375,405,4,25,18,73.53,1,16.67
"R_1DzJASQOXieylEd",11375,11375,405,11,68.75,26,85.29,3,50
"R_1Ka3UJGBCZAfeB2",11375,11375,405,9,56.25,18,73.53,5,83.33
"R_10NKvN7M6Ye54oY",11375,11375,405,14,87.5,15,69.12,2,33.33
"R_RF5QcB2VJnqLgWJ",11375,11375,405,9,56.25,16,70.59,5,83.33
"R_2z8b1TOeJPDN6xf",11375,11375,405,7,43.75,12,64.71,5,83.33
"R_02o2D09NfVJOHD3",11375,11375,405,10,62.5,15,69.12,4,66.67
"R_uyPjBdQuX6DAesN",11375,11375,405,9,56.25,5,54.41,3,50
"R_2SfAeTZnMKERhBH",11375,11375,405,13,81.25,8,58.82,6,100
"R_1ie932CBcgFFlYw",11375,11375,405,6,37.5,6,55.88,3,50
"R_sS7pvDizY98NJTz",11375,11375,405,7,43.75,9,60.29,4,66.67
"R_1I5V2tlto9URwjU",11375,11375,405,5,31.25,-4,41.18,3,50
"R_2Uc7MQipAP4dyFs",11375,11375,405,7,43.75,14,67.65,4,66.67
"R_1dyPgfMKwb0WUI0",11375,11375,405,6,37.5,14,67.65,3,50
"R_3sglXvJ8sL5mOih",11375,11375,405,12,75,11,63.24,1,16.67
"R_vqWegJusIMcg013",11375,11375,405,12,75,18,73.53,4,66.67
"R_3Kwq2nPsl4od3aW",11375,11375,405,13,81.25,21,77.94,2,33.33
"R_2sXzTqR7G1mpPfM",11375,11375,405,7,43.75,13,66.18,5,83.33
"R_3lM7RUXQ26hh6fs",11375,11375,405,8,50,26,85.29,5,83.33
"R_eeThViYZKwO5zZT",11375,11375,405,11,68.75,6,55.88,4,66.67
"R_3spinBBqYD5iyJr",11375,11375,405,7,43.75,10,61.76,4,66.67
"R_1o86qJpTx1kCs27",11375,11375,405,12,75,14,67.65,1,16.67
"R_1lgWkrstOtinsvy",11375,11375,405,4,25,9,60.29,1,16.67
"R_3Mhel0eSOejJuGI",11375,11375,405,16,100,-7,36.76,4,66.67
"R_wTOSMEdPl9NmrW9",11375,11375,405,12,75,13,66.18,5,83.33
"R_1o1EWanqMSBKyYo",11375,11375,405,11,68.75,11,63.24,3,50
"R_tRLbbeaA9yKLDTH",11375,11375,405,7,43.75,1,48.53,3,50
"R_3kcUwFX6fWeLR5s",11375,11375,405,6,37.5,6,55.88,5,83.33
"R_33fE8wGHWV7erfo",11375,11375,405,9,56.25,21,77.94,3,50
"R_1CfKar8vbSpmxBz",11375,11375,405,11,68.75,-21,16.18,3,50
"R_3nHrq0dttmwsDnr",11375,11375,405,5,31.25,-5,39.71,1,16.67
"R_pJCUoXmGJ1ImuIN",11375,11375,405,3,18.75,6,55.88,4,66.67
"R_3rGqR9RNh51bLMs",11375,11375,405,11,68.75,3,51.47,6,100
"R_2tpHrW2ff5gbBQd",11375,11375,405,1,6.25,11,63.24,3,50
"R_1MScr8w6t0jgcHx",11375,11375,405,7,43.75,0,47.06,4,66.67
"R_2fqx96HZiUKOUFO",11377,11377,402,7,43.75,3,51.47,4,66.67
"R_tPwuSvEx4eEK4M1",11385,11385,405,6,37.5,12,64.71,4,66.67
"R_eG9wrTFqDEa3CzD",11412,11412,408,11,68.75,-2,44.12,3,50
"R_3kM14PGBCt2fOvf",11412,11412,408,7,43.75,2,50,4,66.67
"R_Zq7YBAzFUn3l6Cd",11412,11412,408,13,81.25,15,69.12,5,83.33
"R_1ieBYckpE3oHxhj",11415,11415,407,11,68.75,16,70.59,6,100
"R_1riZHLUhnXIs6RC",11415,11415,407,7,43.75,4,52.94,5,83.33
"R_2Vy8zzGPpZMpj72",11417,11417,407,11,68.75,12,64.71,3,50
"R_rqLo3LR5R1hSHIJ",11420,11420,407,14,87.5,17,72.06,2,33.33
"R_3Nx19PODelttRA8",11420,11420,407,9,56.25,15,69.12,6,100
"R_WlKAiCCBLnPpEBz",11420,11420,407,0,0,28,88.24,4,66.67
"R_3qmlJMHKdovpu7x",11420,11420,407,11,68.75,16,70.59,4,66.67
"R_1gbRDRUQZ3IODjH",11420,11420,407,8,50,4,52.94,3,50
"R_3IT5t2I598zgKZM",11420,11420,407,11,68.75,13,66.18,1,16.67
"R_vDnhuEhtbKkc24x",11420,11420,407,11,68.75,20,76.47,3,50
"R_voeK6rAxY1GHRkJ",11420,11420,407,7,43.75,14,67.65,5,83.33
"R_2V86xIjzGS1us2t",11420,11420,407,5,31.25,-4,41.18,3,50
"R_3Dd1cxmM6QNnzV9",11420,11420,407,10,62.5,16,70.59,5,83.33
"R_2rYFzwDDzWxT1Gz",11420,11420,407,15,93.75,10,61.76,5,83.33
"R_1nNjIUe6uEt55dM",11420,11420,407,8,50,1,48.53,4,66.67
"R_3ktT8vh21cPzTF9",11420,11420,407,11,68.75,-7,36.76,4,66.67
"R_9S8160451u1lEqJ",11420,11420,407,3,18.75,21,77.94,3,50
"R_3PRVij1zfXalbwo",11420,11420,407,14,87.5,2,50,5,83.33
"R_rrKRHXvU0y8Zkk1",11420,11420,407,8,50,12,64.71,4,66.67
"R_3G8nVSlW44bS1uB",11420,11420,407,7,43.75,32,94.12,4,66.67
"R_2P7JjaBKMS1Buai",11420,11420,407,15,93.75,0,47.06,2,33.33
"R_1FmF558sXfo7lqc",11420,11420,407,16,100,3,51.47,4,66.67
"R_VJ6n2yLV5bmX2aB",11420,11420,407,13,81.25,21,77.94,5,83.33
"R_2b3jXiEsHpVSdId",11422,11422,409,15,93.75,-8,35.29,5,83.33
"R_3O0OgYPTnXaaFOu",11423,11423,408,16,100,4,52.94,3,50
"R_3sYYUtT83xp9qtH",11427,11427,409,14,87.5,13,66.18,2,33.33
"R_1DYiSPJHC4FyBOb",11428,11428,409,11,68.75,-6,38.24,5,83.33
"R_29b87q9MRovGltm",11433,11433,408,11,68.75,6,55.88,5,83.33
"R_1Cd9YU1Rbz4rMA4",11433,11433,408,11,68.75,11,63.24,2,33.33
"R_31ugHMGWElFVTk9",11433,11433,408,5,31.25,4,52.94,3,50
"R_51EQFwNlr5dUsdX",11433,11433,408,11,68.75,11,63.24,3,50
"R_etzA6qAPq3twCuR",11433,11433,408,8,50,15,69.12,6,100
"R_21dlqm2GbyWtxrz",11433,11433,408,16,100,10,61.76,3,50
"R_3dEXQ8iTnsVwrFq",11433,11433,408,15,93.75,-10,32.35,4,66.67
"R_C14GsJjOnx1Bpzr",11433,11433,408,11,68.75,14,67.65,3,50
"R_1IhLRCa14YlX03u",11433,11433,408,10,62.5,6,55.88,3,50
"R_1IgTr6ixSJZcKhC",11433,11433,408,16,100,8,58.82,2,33.33
"R_2xWWtVCJfJQnV36",11433,11433,408,11,68.75,16,70.59,3,50
"R_1TinlaQlMbiDlcZ",11433,11433,408,11,68.75,11,63.24,4,66.67
"R_1OvRDuo5TEVbwFM",11433,11433,408,15,93.75,13,66.18,5,83.33
"R_29n8f3qauVgiC6x",11433,11433,408,11,68.75,2,50,3,50
"R_3n64s9oL4Ta70Q3",11433,11433,408,15,93.75,12,64.71,6,100
"R_3PEJgz3cV73aD7J",11433,11433,408,14,87.5,0,47.06,3,50
"R_tRNGrk0gKGpJITn",11433,11433,408,4,25,13,66.18,0,0
"R_C4uYWw62fxfoduV",11433,11433,408,10,62.5,8,58.82,4,66.67
"R_1mOyxdF34eR2kVO",11433,11433,408,16,100,-4,41.18,4,66.67
"R_2xDEMTN7OFyjMgU",11433,11433,408,8,50,-3,42.65,4,66.67
"R_25TrMV4O2ztdQ4p",11433,11433,408,7,43.75,8,58.82,6,100
"R_27Qmu7aulPSTXCQ",11433,11433,408,8,50,16,70.59,3,50
"R_2WGOftbG7MrSdVz",11433,11433,408,10,62.5,32,94.12,3,50
"R_3hmEmwfrgo3ZirW",11433,11433,408,11,68.75,1,48.53,3,50
"R_1Qi830lX6N0VRWC",11433,11433,408,11,68.75,9,60.29,5,83.33
"R_2E0jeAooZAFNtZk",11433,11433,408,10,62.5,14,67.65,6,100
"R_aaP7yOCFUcZy2bf",11433,11433,408,12,75,14,67.65,3,50
"R_23difKdGXrQgMhF",11433,11433,408,4,25,0,47.06,3,50
"R_1MZnM2nkle65M5K",11433,11433,408,4,25,8,58.82,5,83.33
"R_1JS1YUUw5Y6ZS2U",11433,11433,408,11,68.75,14,67.65,6,100
"R_YQzdCE7yCiovLsR",11433,11433,408,9,56.25,-1,45.59,4,66.67
"R_3ly2xZfD10hvXpj",11433,11433,408,9,56.25,23,80.88,5,83.33
"R_3feNswQBVCe6Txx",11433,11433,408,11,68.75,22,79.41,6,100
"R_BPaB4t4HGcWGkCJ",11433,11433,408,9,56.25,6,55.88,2,33.33
"R_RWWnNrVtGIc52yB",11433,11433,408,14,87.5,16,70.59,3,50
"R_XGGbCudb3N9dUCB",11433,11433,408,10,62.5,14,67.65,4,66.67
"R_5vFQZBIBYCLr0I1",11433,11433,408,11,68.75,-7,36.76,5,83.33
"R_DCsQtAB9cvJ4R5D",11433,11433,408,11,68.75,16,70.59,4,66.67
"R_3WeeqbD4BW9jZn3",11434,11434,408,15,93.75,17,72.06,5,83.33
"R_2WMDJMypPIWz4VX",11435,11435,408,11,68.75,10,61.76,1,16.67
"R_3D2e0rapQOEEPzm",11435,11435,408,15,93.75,18,73.53,6,100
"R_2yadVwRlXij7E1D",11435,11435,408,1,6.25,14,67.65,5,83.33
"R_5t1Pya5oCD3DJpD",11436,11436,408,13,81.25,-3,42.65,5,83.33
"R_RFgywfbDgM4dGqR",11691,11691,410,8,50,16,70.59,6,100
"R_1LBeyeBINnWGqOk",11692,11692,410,9,56.25,10,61.76,4,66.67
"R_1kGlo3TFvLc0POe",11692,11692,410,10,62.5,21,77.94,2,33.33
"R_2BqVtxlVhSlmV6m",11692,11692,410,9,56.25,1,48.53,3,50
"R_1HsH8Q5UwLFRKEh",11692,11692,410,11,68.75,-3,42.65,2,33.33
"R_0cy5qgo5k6XgQ7f",11694,11694,410,6,37.5,16,70.59,5,83.33
"R_2EAykKmf5yjxzHC",11694,11694,410,9,56.25,-5,39.71,5,83.33
